pitch_variability,pause_ratio,speaking_rate,pitch_mean,jitter,voice_distress_z
22.41,0.2527,3.84,160.8,0.01751,0.199
26.7,0.188,3.71,160.4,0.00895,-0.405
19.78,0.2129,3.47,163.8,0.01491,0.347
14.4,0.3591,2.79,184.9,0.02125,1.777
23.12,0.2259,3.53,183.0,0.01158,0.047
23.64,0.1456,3.06,153.4,0.01551,-0.057
21.21,0.4199,2.79,199.0,0.02462,1.672
22.27,0.3163,2.95,162.5,0.01681,0.847
23.88,0.1437,3.62,152.3,0.00742,-0.491
18.37,0.2686,3.15,183.8,0.018,0.817
27.51,0.2376,4.38,178.8,0.00966,-0.565
27.66,0.2028,4.58,177.8,0.01235,-0.62
23.77,0.2445,3.53,148.2,0.01287,0.236
34.01,0.05,4.51,158.0,0.01451,-1.637
33.24,0.0506,4.2,177.3,0.01153,-1.512
27.75,0.1433,4.05,165.6,0.01182,-0.692
29.74,0.05,4.69,148.9,0.01346,-1.609
17.83,0.3331,3.35,175.6,0.02083,1.096
28.53,0.1354,3.39,154.3,0.01467,-0.586
30.06,0.0947,4.58,191.9,0.01173,-1.377
16.29,0.3642,3.09,205.8,0.02373,1.559
31.21,0.168,3.25,174.1,0.01043,-0.53
24.36,0.2193,3.62,186.2,0.00969,0.037
31.21,0.05,4.52,166.0,0.01034,-1.707
28.84,0.2566,3.88,176.5,0.00968,-0.275
24.36,0.1817,3.3,188.5,0.01485,-0.105
31.17,0.0636,4.54,168.7,0.00879,-1.58
23.15,0.24,3.27,165.7,0.01901,0.451
31.42,0.2115,3.48,139.4,0.01426,-0.439
23.34,0.1914,3.15,163.8,0.01206,0.173
28.26,0.1104,4.31,177.4,0.012,-1.13
11.96,0.4554,2.77,201.4,0.02515,2.198
25.19,0.2479,3.63,172.6,0.01281,0.083
27.98,0.1358,4.05,156.9,0.01526,-0.623
18.64,0.3309,2.99,145.2,0.01647,1.072
30.12,0.1937,3.95,157.6,0.0074,-0.63
24.8,0.3283,3.36,162.9,0.01578,0.575
36.62,0.05,4.04,160.3,0.01297,-1.81
28.81,0.1521,4.11,174.3,0.00864,-0.964
23.03,0.255,3.4,197.1,0.01137,0.292
18.52,0.3138,3.38,175.7,0.01533,0.862
20.54,0.1694,3.49,163.8,0.0112,-0.061
24.2,0.2016,3.9,161.1,0.01103,-0.377
25.04,0.1574,4.17,166.9,0.0112,-0.668
36.99,0.1053,4.73,152.6,0.01005,-1.836
28.83,0.1909,4.14,166.8,0.00973,-0.708
23.78,0.091,3.86,171.8,0.01131,-0.695
17.06,0.3248,2.72,180.8,0.02096,1.431
24.15,0.2992,3.63,176.0,0.0138,0.418
37.87,0.05,5.07,171.5,0.01548,-2.183
19.05,0.2816,3.52,142.3,0.01612,0.66
22.36,0.1955,4.39,174.6,0.00723,-0.353
31.47,0.166,3.51,154.9,0.01357,-0.716
21.42,0.2703,2.92,155.9,0.01871,0.769
16.59,0.2744,3.29,160.8,0.01894,0.929
19.95,0.2683,3.17,182.7,0.01496,0.603
23.34,0.1645,4.46,161.7,0.01202,-0.614
25.71,0.1899,3.77,139.8,0.01198,-0.477
22.83,0.2476,3.16,176.1,0.01129,0.534
20.48,0.3006,3.0,155.1,0.01545,0.812
24.61,0.1599,3.4,167.1,0.01174,-0.079
25.19,0.2433,3.36,168.6,0.0113,0.122
28.23,0.096,4.5,178.3,0.01075,-1.173
31.09,0.05,4.52,191.7,0.01175,-1.626
17.74,0.331,3.26,154.3,0.01519,1.083
15.72,0.3474,2.34,180.5,0.02155,1.831
22.4,0.2141,3.53,160.9,0.0136,0.185
19.78,0.3847,2.68,183.5,0.01898,1.545
23.73,0.2553,3.75,172.6,0.00988,0.034
27.08,0.1671,3.78,159.7,0.01058,-0.56
22.09,0.209,3.08,162.7,0.01168,0.181
12.64,0.365,2.76,166.7,0.02511,1.951
23.6,0.2408,3.43,179.8,0.01296,0.292
15.29,0.3142,3.18,190.7,0.01954,1.381
43.65,0.05,4.82,178.8,0.01428,-2.461
17.26,0.3062,2.73,170.2,0.01524,1.175
26.45,0.2304,2.91,156.2,0.01737,0.148
27.64,0.2316,3.76,148.8,0.01185,-0.172
24.06,0.2426,3.38,171.5,0.00899,0.002
38.45,0.0804,4.26,149.4,0.00857,-1.887
25.95,0.1583,4.08,192.7,0.01304,-0.603
22.81,0.2611,3.6,149.7,0.01368,0.266
15.77,0.3712,2.78,186.8,0.02353,1.708
29.3,0.1254,4.29,188.5,0.01684,-0.966
30.64,0.1774,4.24,174.0,0.0099,-1.119
25.51,0.2628,3.63,167.6,0.01218,0.074
16.33,0.3109,2.78,161.5,0.02358,1.236
21.79,0.2731,3.66,148.2,0.01544,0.445
25.31,0.1704,4.01,176.6,0.00718,-0.595
21.05,0.2428,3.37,193.8,0.01762,0.3
25.94,0.1569,3.29,159.6,0.00929,-0.355
17.76,0.2886,3.25,159.5,0.02397,0.979
27.78,0.0941,3.76,128.1,0.00953,-0.783
25.92,0.2554,3.75,150.3,0.02091,0.108
27.85,0.1762,4.25,163.3,0.0164,-0.631
27.56,0.0598,4.21,189.0,0.00961,-1.116
21.16,0.2852,2.97,178.7,0.01443,0.772
22.99,0.2012,3.14,172.7,0.01635,0.32
26.37,0.1898,3.9,159.1,0.01439,-0.321
24.31,0.1993,3.81,156.3,0.01333,-0.283
28.03,0.1196,4.34,186.1,0.01576,-0.84
27.55,0.198,3.68,168.0,0.01163,-0.473
24.61,0.1957,3.93,133.5,0.0109,-0.236
26.03,0.1429,3.79,154.9,0.01096,-0.675
23.64,0.2199,3.78,152.1,0.01458,0.027
21.41,0.2685,3.16,161.7,0.01633,0.783
12.42,0.3674,2.29,196.1,0.02796,2.173
18.63,0.2393,3.31,165.5,0.01578,0.59
24.38,0.2028,3.35,166.9,0.00791,0.007
26.96,0.2158,3.63,184.7,0.01293,-0.23
35.86,0.05,4.73,154.6,0.01266,-1.825
21.87,0.3189,2.51,193.0,0.01701,1.138
23.27,0.2244,3.32,155.7,0.0079,0.103
10.44,0.4102,2.13,195.9,0.03638,2.653
26.26,0.1954,4.16,160.8,0.01223,-0.571
23.68,0.2709,3.11,170.5,0.01588,0.465
22.72,0.2835,3.67,171.7,0.01703,0.364
30.59,0.0796,4.69,171.5,0.01368,-1.519
18.63,0.271,2.58,167.4,0.02234,1.123
22.78,0.3279,3.3,157.2,0.01874,0.934
21.06,0.2439,2.92,212.0,0.01688,0.585
30.58,0.1116,3.95,157.7,0.01191,-1.022
16.45,0.35,2.59,192.3,0.02108,1.67
34.53,0.077,4.15,140.9,0.01187,-1.473
21.59,0.3063,4.09,167.8,0.00969,0.252
10.23,0.4117,2.65,189.4,0.03081,2.377
32.25,0.11,4.48,172.1,0.01163,-1.355
28.51,0.1628,4.06,124.2,0.01099,-0.73
22.57,0.2359,3.06,168.7,0.01346,0.403
25.81,0.1736,4.0,147.8,0.0077,-0.679
33.12,0.0824,4.77,169.9,0.01779,-1.643
24.55,0.2606,3.31,150.3,0.01224,0.181
30.24,0.1295,4.47,152.2,0.01156,-1.234
22.02,0.2855,3.55,166.6,0.01289,0.44
32.46,0.0648,4.66,149.2,0.01207,-1.643
17.62,0.377,2.62,176.5,0.02856,1.901
28.69,0.1609,3.7,147.1,0.01511,-0.589
27.65,0.217,3.67,137.5,0.01456,-0.176
17.46,0.2737,3.58,190.0,0.02015,0.796
31.57,0.0706,3.73,145.6,0.01092,-1.08
26.37,0.2198,2.85,165.0,0.00947,0.195
16.37,0.3722,2.91,192.0,0.02185,1.506
31.15,0.1006,4.35,155.8,0.01129,-1.446
21.68,0.2222,3.5,154.8,0.01662,0.296
20.39,0.2823,3.74,171.5,0.01501,0.43
18.13,0.3031,3.0,191.2,0.02309,1.081
30.06,0.0913,3.72,147.5,0.01559,-1.028
28.45,0.0795,4.94,162.7,0.01063,-1.49
21.16,0.3021,3.01,145.3,0.01079,0.894
24.17,0.2627,3.12,162.7,0.01853,0.452
20.81,0.3361,3.79,168.5,0.01808,0.741
25.13,0.2206,3.29,156.3,0.01067,0.041
28.76,0.1727,3.95,158.1,0.01653,-0.698
24.78,0.2221,3.62,146.7,0.015,0.055
21.07,0.2145,3.76,169.7,0.01483,0.044
29.64,0.1481,3.89,180.8,0.01684,-0.719
11.55,0.4121,3.03,170.9,0.03096,2.115
23.17,0.3841,2.7,161.3,0.01774,1.309
30.9,0.0935,4.48,172.5,0.01342,-1.435
21.5,0.2404,2.99,191.1,0.0191,0.662
27.01,0.1335,4.55,142.6,0.0108,-1.071
17.88,0.2157,3.21,171.9,0.01813,0.6
18.82,0.3322,2.76,183.2,0.01856,0.99
26.62,0.1386,4.25,163.5,0.011,-0.652
19.63,0.3481,3.34,139.4,0.01861,1.079
19.0,0.3002,3.57,177.5,0.0134,0.631
21.18,0.2821,2.84,197.7,0.01899,0.801
11.1,0.4037,2.41,189.5,0.0262,2.306
26.45,0.1648,3.73,149.5,0.01351,-0.369
29.4,0.0995,4.0,157.3,0.00713,-1.257
27.5,0.1434,4.31,191.5,0.01166,-0.885
29.65,0.0875,3.44,178.6,0.01239,-0.698
24.94,0.1957,3.74,174.6,0.01107,-0.332
21.05,0.2143,3.33,174.4,0.01421,0.329
20.46,0.2697,3.2,158.4,0.00946,0.755
15.53,0.3748,2.92,171.9,0.01969,1.663
24.63,0.1692,3.53,164.0,0.01405,-0.18
12.88,0.2912,1.72,190.7,0.02511,2.099
25.65,0.1885,3.54,187.6,0.01512,-0.193
8.51,0.4926,1.84,214.4,0.03437,3.37
21.92,0.2913,3.42,151.2,0.01844,0.581
28.11,0.1164,3.83,168.4,0.01247,-0.951
29.23,0.1049,4.12,176.1,0.01406,-1.055
22.81,0.2829,3.8,180.1,0.01113,0.16
25.9,0.2393,4.02,155.6,0.00932,-0.294
20.71,0.2132,3.48,217.3,0.02247,0.373
22.34,0.2526,3.19,151.5,0.0084,0.471
21.33,0.2213,3.8,148.8,0.01158,0.132
30.17,0.0986,4.0,168.5,0.01552,-1.009
33.56,0.1378,4.37,196.8,0.01172,-1.31
24.42,0.1499,3.97,152.5,0.01078,-0.592
18.8,0.304,2.95,171.3,0.01924,0.913
22.74,0.2637,3.93,183.7,0.01265,0.132
30.58,0.0718,4.24,164.7,0.01209,-1.266
23.72,0.1635,3.69,162.1,0.01134,-0.279
24.74,0.2414,3.82,178.1,0.01841,-0.006
31.02,0.1728,4.4,169.1,0.01627,-0.906
20.53,0.2219,3.09,182.3,0.01283,0.465
24.92,0.192,3.7,185.1,0.00831,-0.143
32.94,0.1427,4.48,169.6,0.01043,-1.22
22.81,0.2425,3.67,173.7,0.01431,0.25
23.1,0.2557,2.96,174.9,0.018,0.65
22.07,0.3343,2.81,185.3,0.01764,0.945
20.25,0.3562,3.32,178.5,0.01812,1.083
32.08,0.1775,4.13,165.0,0.01353,-0.88
31.25,0.1593,4.03,182.9,0.01482,-0.819
21.46,0.3179,3.79,193.9,0.01426,0.56
21.22,0.2511,3.3,148.6,0.01211,0.48
20.46,0.2305,3.1,171.3,0.02597,0.922
5.94,0.6078,1.22,200.9,0.04517,4.0
19.22,0.2814,3.39,167.2,0.01577,0.791
20.82,0.2904,2.58,184.7,0.02369,1.102
19.75,0.3084,3.0,186.5,0.01926,1.086
17.62,0.3011,3.34,171.1,0.01981,1.056
26.47,0.2029,4.16,136.3,0.01248,-0.449
15.63,0.3161,3.38,159.6,0.01835,1.264
29.5,0.1544,3.81,178.4,0.01166,-0.797
27.07,0.176,4.08,123.9,0.00766,-0.704
25.48,0.1509,3.78,182.8,0.01781,-0.361
23.8,0.1802,3.18,173.8,0.00983,0.073
15.18,0.5229,2.28,212.5,0.02644,2.666
33.26,0.05,5.06,162.0,0.01136,-1.873
18.11,0.2796,3.27,142.3,0.01461,0.761
35.83,0.05,4.49,171.5,0.01184,-1.965
30.52,0.2902,4.35,184.1,0.01406,-0.406
18.02,0.286,2.57,191.9,0.0237,1.294
25.67,0.2093,3.18,155.8,0.01496,0.128
32.61,0.1289,3.71,166.3,0.01108,-0.996
26.45,0.1725,4.11,157.0,0.01215,-0.61
19.29,0.3263,3.28,160.9,0.01866,0.987
30.48,0.2193,4.46,179.3,0.00673,-0.885
26.18,0.2619,3.55,149.6,0.01544,0.085
24.88,0.1823,3.45,152.1,0.00799,-0.224
25.82,0.1446,3.96,148.4,0.01812,-0.537
16.18,0.4467,2.46,168.4,0.02794,2.277
19.45,0.3661,2.75,174.8,0.01652,1.373
34.47,0.05,5.53,182.4,0.00969,-2.11
23.66,0.2867,3.65,164.5,0.0116,0.285
30.75,0.161,4.03,142.4,0.01882,-0.813
21.02,0.3388,3.32,187.8,0.02164,1.176
29.19,0.1367,4.25,190.3,0.00735,-1.012
25.56,0.1748,3.62,155.3,0.01651,-0.151
21.31,0.3005,3.13,163.9,0.01962,0.883
20.35,0.3328,3.3,183.1,0.01808,0.981
25.54,0.1389,4.38,189.3,0.01292,-0.735
25.25,0.186,3.54,157.2,0.01196,-0.284
27.09,0.1485,4.29,145.0,0.01792,-0.691
25.29,0.0923,4.05,174.5,0.00961,-0.964
15.06,0.4293,2.85,198.2,0.02656,1.994
21.36,0.2775,3.79,170.0,0.01396,0.292
34.45,0.0553,4.3,156.6,0.0077,-1.711
22.1,0.2902,3.19,190.9,0.02592,0.838
11.4,0.4135,2.68,198.4,0.02543,2.275
18.02,0.2639,2.81,165.9,0.02092,1.079
32.21,0.05,4.45,165.7,0.00678,-1.75
25.76,0.1262,3.9,144.7,0.0108,-0.683
17.42,0.3302,2.62,190.5,0.0234,1.573
26.38,0.1197,4.68,161.1,0.00953,-1.017
19.3,0.1993,2.93,163.8,0.01731,0.503
20.98,0.3784,2.78,173.8,0.01739,1.186
30.36,0.1774,4.5,165.6,0.01548,-1.0
22.72,0.1829,3.85,178.4,0.01609,-0.042
43.62,0.05,5.07,173.9,0.01024,-2.5
28.37,0.1343,4.35,162.7,0.01223,-1.048
25.9,0.2424,4.18,176.5,0.01255,-0.257
32.5,0.0625,4.28,171.0,0.01386,-1.336
14.95,0.4269,3.48,178.2,0.0251,1.728
32.78,0.0551,3.87,163.1,0.01257,-1.251
25.39,0.1226,4.05,162.8,0.01127,-0.633
22.89,0.262,3.88,174.1,0.01339,0.069
15.66,0.4158,3.07,176.8,0.02742,1.808
30.4,0.1799,4.33,159.1,0.01394,-0.875
17.25,0.2883,2.87,208.5,0.02341,1.226
20.85,0.249,3.73,179.2,0.01425,0.371
28.42,0.1055,4.38,153.6,0.01154,-1.093
20.89,0.2975,3.53,179.1,0.01665,0.392
22.39,0.1811,3.8,169.2,0.01034,-0.283
26.82,0.1095,3.62,170.9,0.01581,-0.773
23.49,0.1959,3.49,167.9,0.00421,-0.123
27.08,0.1846,3.53,182.8,0.01174,-0.297
25.12,0.2057,3.42,171.5,0.01633,0.037
19.06,0.3126,3.54,172.0,0.01321,0.672
12.87,0.4197,2.76,199.7,0.02589,2.191
28.72,0.1202,5.06,168.5,0.00996,-1.358
11.29,0.4981,2.48,192.4,0.02796,2.622
34.03,0.05,4.69,169.7,0.01484,-1.923
23.29,0.1561,3.72,163.6,0.01259,-0.267
18.17,0.3334,3.09,172.2,0.0106,1.203
21.54,0.2239,3.43,159.6,0.01132,0.377
27.79,0.1941,4.28,153.7,0.01493,-0.57
26.33,0.2621,3.75,150.0,0.01335,-0.077
25.6,0.189,3.63,144.1,0.01724,-0.097
26.42,0.1012,3.65,151.8,0.01705,-0.634
17.47,0.2682,3.0,172.6,0.01777,0.917
21.97,0.3086,3.43,170.8,0.02237,0.564
26.11,0.1439,4.34,160.9,0.01207,-0.781
20.2,0.3131,2.7,140.5,0.01631,1.055
18.74,0.2811,3.34,192.3,0.01256,0.728
18.81,0.3291,3.2,191.1,0.01173,0.784
21.14,0.2941,2.7,179.2,0.02186,1.062
28.93,0.1288,3.81,193.6,0.01678,-0.913
32.47,0.1515,3.7,150.3,0.00895,-0.833
20.59,0.329,2.95,202.3,0.01729,1.092
18.63,0.3032,3.32,157.8,0.01717,0.872
23.92,0.2076,3.56,168.6,0.00912,-0.029
19.8,0.275,3.37,147.3,0.00767,0.46
16.81,0.3426,3.03,180.6,0.02159,1.383
25.59,0.1268,4.44,170.8,0.01104,-0.826
22.82,0.2444,3.79,169.2,0.01521,-0.109
24.01,0.1606,3.13,175.7,0.01267,-0.064
24.96,0.1873,3.89,166.5,0.01629,-0.269
16.69,0.3792,2.94,170.3,0.01988,1.536
22.94,0.2703,3.19,166.4,0.01911,0.687
18.88,0.3089,3.03,186.9,0.02069,0.997
20.48,0.3243,2.92,170.9,0.02411,1.104
25.51,0.2117,3.63,179.0,0.01032,-0.325
21.21,0.2278,3.05,191.5,0.01774,0.666
26.44,0.1802,3.5,140.0,0.01364,-0.273
23.0,0.2447,3.29,185.9,0.01121,0.262
20.86,0.2286,3.74,195.9,0.01579,0.224
22.91,0.2386,3.73,169.9,0.01707,0.217
22.42,0.2316,3.53,181.1,0.01459,0.248
28.4,0.1815,3.9,180.6,0.01258,-0.358
9.68,0.4377,2.53,186.0,0.03067,2.626
29.43,0.1273,4.44,167.7,0.01036,-1.179
34.09,0.0982,4.62,145.3,0.01344,-1.639
20.12,0.3151,2.95,181.0,0.02175,1.059
19.52,0.3079,3.1,182.0,0.01393,0.791
22.47,0.3014,3.31,180.2,0.01837,0.668
19.81,0.213,2.91,188.5,0.01373,0.639
20.66,0.1972,3.55,153.4,0.01482,0.133
27.09,0.1201,4.32,157.0,0.00999,-1.037
26.71,0.2378,3.75,194.3,0.01212,-0.043
27.18,0.2,3.89,162.7,0.01612,-0.471
18.15,0.2866,3.13,179.7,0.02129,0.84
24.21,0.1854,3.43,164.0,0.00876,-0.224
32.35,0.1169,4.27,152.7,0.00896,-1.435
29.02,0.1558,3.75,189.4,0.0102,-0.655
26.17,0.2474,3.29,162.0,0.01649,0.157
26.78,0.1945,3.8,148.1,0.01307,-0.377
29.11,0.0956,4.03,158.2,0.00947,-0.99
19.63,0.2615,3.33,137.9,0.01045,0.496
25.61,0.1764,3.66,158.2,0.0148,-0.21
24.45,0.1469,3.76,150.5,0.01145,-0.296
27.02,0.1597,4.34,174.3,0.01847,-0.72
20.53,0.3102,3.91,157.7,0.01397,0.546
30.79,0.0642,4.13,178.3,0.01744,-1.264
30.07,0.05,4.4,186.0,0.00849,-1.44
26.74,0.0682,3.8,176.7,0.00728,-1.099
24.1,0.2,3.62,161.8,0.00864,-0.281
21.19,0.2756,4.03,170.8,0.01805,0.276
17.55,0.3826,2.7,159.8,0.02907,1.689
17.07,0.3125,3.24,173.3,0.01651,1.021
25.32,0.2505,3.85,152.1,0.01062,-0.108
26.54,0.1965,3.31,175.4,0.00849,-0.124
28.49,0.1555,3.89,203.6,0.00657,-0.804
22.67,0.1529,3.25,172.5,0.01416,-0.071
25.13,0.1549,3.49,135.1,0.01267,-0.314
24.58,0.18,2.57,163.5,0.01461,0.242
28.94,0.1263,4.22,166.8,0.0078,-1.127
20.08,0.2701,3.93,172.5,0.02107,0.317
16.54,0.3778,2.8,172.4,0.02275,1.668
22.39,0.2116,3.23,168.7,0.0136,0.211
23.15,0.2231,3.19,151.2,0.01085,0.315
21.02,0.2814,3.08,159.1,0.01695,0.641
25.59,0.12,3.52,174.7,0.01287,-0.513
21.09,0.2969,3.73,152.5,0.01477,0.634
22.16,0.2091,3.84,173.2,0.01256,-0.103
24.53,0.2102,3.2,145.6,0.01426,0.122
30.71,0.2063,4.24,191.5,0.00861,-0.925
22.59,0.1728,4.04,153.7,0.01279,-0.407
22.18,0.2248,3.9,167.6,0.01633,0.19
11.84,0.3213,3.66,187.4,0.0243,1.369
17.55,0.3132,2.8,168.0,0.01989,1.294
12.1,0.4526,3.26,193.0,0.02541,1.953
26.4,0.1729,3.92,173.6,0.00805,-0.525
17.33,0.4101,2.94,189.9,0.01234,1.619
21.66,0.1484,3.6,179.1,0.01592,0.0
12.54,0.4633,2.22,188.7,0.032,2.732
28.07,0.1169,4.16,162.8,0.01453,-1.001
24.14,0.1126,3.67,200.2,0.01292,-0.451
23.06,0.1353,3.86,179.2,0.0056,-0.456
34.47,0.05,5.15,151.2,0.00892,-2.276
27.81,0.2348,3.87,166.5,0.01251,-0.386
22.68,0.1778,4.06,160.0,0.01241,-0.225
22.17,0.236,3.66,164.8,0.01253,0.234
21.07,0.3082,3.76,150.7,0.01584,0.417
16.46,0.3471,2.07,181.3,0.02704,1.998
18.0,0.2618,3.25,203.6,0.01997,0.842
27.94,0.0752,3.84,173.7,0.01008,-0.933
29.22,0.1022,4.14,127.6,0.01495,-1.081
17.03,0.2757,3.65,189.2,0.01464,0.747
32.8,0.0921,3.97,181.3,0.00801,-1.257
14.36,0.4091,2.29,181.6,0.02434,2.161
18.53,0.2815,2.37,189.9,0.02039,1.292
34.43,0.2052,3.69,152.1,0.01498,-0.776
29.25,0.0583,4.94,157.9,0.01187,-1.493
20.0,0.3847,2.82,203.7,0.02227,1.446
24.06,0.1328,3.26,160.9,0.00825,-0.345
17.77,0.3562,2.77,151.8,0.02426,1.471
32.68,0.05,4.03,164.1,0.01004,-1.481
26.45,0.1442,3.59,163.8,0.0117,-0.415
22.83,0.2419,3.71,183.0,0.01648,0.075
24.4,0.2283,3.22,165.8,0.0139,0.358
23.44,0.1409,4.18,158.7,0.00712,-0.609
22.08,0.2825,3.24,188.2,0.01167,0.583
29.04,0.052,4.21,166.8,0.01181,-1.316
22.52,0.2518,3.59,153.7,0.00836,0.177
22.44,0.2238,3.77,183.8,0.01491,0.072
23.68,0.3162,3.55,174.1,0.01624,0.591
19.02,0.2701,3.31,173.6,0.01819,0.752
30.9,0.0866,4.39,167.7,0.00988,-1.328
30.98,0.05,4.38,148.9,0.01722,-1.469
18.49,0.3828,3.06,172.4,0.03075,1.577
23.54,0.2249,3.32,169.0,0.01382,0.142
31.81,0.1709,4.01,162.1,0.01306,-0.778
15.12,0.3598,2.66,202.7,0.0247,1.702
24.7,0.1525,3.4,169.6,0.01215,-0.261
17.71,0.3151,2.74,192.0,0.01894,1.267
26.22,0.1796,3.7,166.0,0.00929,-0.427
11.23,0.4274,2.86,205.6,0.02508,2.274
15.84,0.3479,2.99,192.0,0.02726,1.539
24.98,0.2321,3.36,165.2,0.01044,0.186
18.53,0.3135,3.45,176.5,0.01204,0.743
20.63,0.2774,3.15,158.4,0.0185,0.771
16.98,0.3831,3.03,189.0,0.02283,1.493
29.07,0.1621,3.86,164.4,0.01604,-0.59
20.66,0.2878,3.27,165.7,0.01861,0.748
21.33,0.295,3.11,194.3,0.01603,0.754
35.64,0.05,4.12,146.2,0.00531,-1.697
32.25,0.0742,4.43,158.7,0.00984,-1.6
34.3,0.05,5.13,180.4,0.01012,-2.044
23.7,0.1973,3.7,169.7,0.01483,-0.139
21.96,0.2779,3.61,172.9,0.01771,0.462
17.49,0.3978,2.72,186.8,0.02742,1.698
26.54,0.2029,3.81,168.6,0.00862,-0.434
13.83,0.3806,2.04,161.8,0.02792,2.263
31.13,0.1293,5.08,159.8,0.01416,-1.332
30.09,0.0633,4.99,189.2,0.00595,-1.758
23.52,0.212,3.55,155.1,0.01597,0.214
23.88,0.2343,2.8,164.8,0.01535,0.501
23.25,0.1914,3.7,156.9,0.01318,-0.133
36.65,0.05,4.3,163.7,0.00941,-1.755
24.11,0.1894,3.78,156.3,0.01583,-0.126
31.82,0.1198,4.44,172.3,0.00844,-1.406
18.02,0.2781,2.95,176.0,0.01985,1.076
22.15,0.2027,3.73,181.0,0.01739,0.041
23.19,0.1967,4.36,149.2,0.00908,-0.594
26.45,0.1814,4.18,159.9,0.01795,-0.416
26.56,0.0578,4.19,161.6,0.01269,-1.012
26.76,0.1961,3.21,171.8,0.01396,0.078
20.3,0.3199,3.37,164.6,0.01506,0.84
30.35,0.1896,4.06,178.7,0.01835,-0.666
24.27,0.2261,2.91,188.8,0.01236,0.396
25.02,0.206,4.3,150.2,0.01507,-0.326
31.86,0.1967,4.67,157.6,0.00902,-0.996
26.45,0.1842,3.65,157.0,0.01014,-0.359
29.22,0.1054,4.82,204.5,0.01437,-1.345
29.32,0.1232,3.93,158.6,0.01508,-0.907
28.38,0.0921,4.14,190.2,0.00819,-1.078
11.54,0.415,2.33,169.6,0.03099,2.35
22.59,0.2499,4.07,150.6,0.01542,0.114
26.79,0.1936,3.75,154.7,0.00919,-0.352
20.71,0.2115,3.7,154.9,0.01851,0.271
27.06,0.1301,3.49,161.0,0.00763,-0.579
24.7,0.1971,3.58,154.4,0.01013,-0.039
21.33,0.2932,3.57,160.1,0.01835,0.655
18.69,0.3057,3.07,191.5,0.0155,0.943
23.28,0.1539,3.77,183.4,0.01279,-0.344
27.71,0.1674,4.26,179.2,0.01272,-0.815
21.69,0.2531,4.23,172.9,0.01144,0.035
36.52,0.05,5.06,166.4,0.0145,-2.217
29.6,0.0535,4.24,157.5,0.01131,-1.268
20.46,0.3367,2.7,167.1,0.02363,1.407
16.78,0.3777,2.72,190.2,0.0286,1.701
25.58,0.2606,3.83,147.4,0.01437,-0.016
23.36,0.2703,2.99,157.0,0.01897,0.637
20.6,0.2503,3.65,186.0,0.01104,0.38
8.15,0.5086,1.93,230.5,0.03821,3.5
18.24,0.3759,2.47,184.3,0.01832,1.495
25.23,0.2856,3.39,181.6,0.00816,0.209
31.8,0.1425,3.97,161.3,0.01178,-1.017
34.3,0.0627,4.46,144.9,0.00929,-1.861
23.46,0.2418,4.05,176.6,0.016,-0.059
24.85,0.05,4.09,173.5,0.01444,-0.919
29.9,0.1076,4.13,166.1,0.00629,-1.197
27.31,0.1607,4.02,161.4,0.00952,-0.812
30.14,0.129,4.09,179.4,0.00762,-0.831
12.46,0.3603,2.77,170.5,0.02411,1.904
23.97,0.2928,3.29,164.0,0.02042,0.584
27.08,0.2028,3.97,149.9,0.01127,-0.534
17.06,0.4089,2.78,184.0,0.02207,1.78
23.72,0.2126,4.05,149.6,0.01652,-0.163
28.31,0.2172,4.35,154.7,0.00509,-0.88
13.72,0.3895,2.55,172.7,0.0279,1.996
21.19,0.2229,3.97,167.6,0.01468,0.128
30.22,0.1111,4.27,142.7,0.01177,-1.005
22.56,0.1749,3.45,166.3,0.01042,-0.026
29.48,0.05,4.58,183.7,0.01663,-1.35
31.29,0.1457,4.98,167.0,0.00831,-1.473
15.09,0.3407,3.08,199.2,0.01944,1.415
11.78,0.4323,2.4,207.9,0.02886,2.556
30.86,0.0868,4.32,176.7,0.00717,-1.262
24.68,0.221,3.5,172.9,0.01374,0.135
28.69,0.1356,4.34,165.3,0.01156,-1.082
24.01,0.205,4.04,176.5,0.00934,-0.309
28.23,0.1187,3.96,159.1,0.00955,-0.871
25.66,0.05,4.52,136.8,0.01095,-1.276
25.9,0.2158,3.48,173.0,0.01434,-0.018
27.63,0.1312,4.37,148.0,0.01097,-0.902
22.33,0.2525,3.36,153.8,0.0174,0.511
26.93,0.2441,3.76,165.0,0.00901,-0.066
22.74,0.2216,3.7,163.6,0.00824,-0.04
26.2,0.1396,4.08,143.8,0.01778,-0.719
26.01,0.2101,3.8,167.5,0.01003,-0.263
21.92,0.2348,3.59,188.6,0.01411,0.382
18.21,0.2903,3.1,154.1,0.01078,0.833
23.71,0.1473,3.92,184.1,0.01523,-0.327
22.55,0.1804,4.18,142.8,0.01177,-0.287
20.97,0.235,3.48,205.8,0.01725,0.404
35.58,0.05,3.8,158.8,0.01152,-1.55
20.09,0.2479,3.13,173.7,0.01939,0.616
26.82,0.1839,3.42,136.6,0.01146,-0.44
23.17,0.2525,3.0,170.9,0.0236,0.547
24.46,0.1094,3.08,168.4,0.0124,-0.282
33.15,0.05,4.55,163.7,0.01519,-1.593
33.33,0.102,4.15,156.6,0.01442,-1.313
24.63,0.2253,3.59,151.4,0.01228,-0.051
21.55,0.2388,2.97,185.1,0.01232,0.455
29.04,0.1252,4.12,165.5,0.013,-0.889
15.51,0.3355,3.12,195.8,0.01864,1.45
31.82,0.05,4.96,157.1,0.01028,-1.773
25.27,0.266,4.06,158.5,0.0125,-0.041
28.7,0.1073,4.5,177.2,0.01571,-1.244
27.7,0.1484,3.86,140.7,0.01821,-0.59
24.63,0.3248,4.17,147.4,0.01494,0.341
28.05,0.0917,3.61,181.5,0.01759,-0.626
26.46,0.1674,3.39,147.4,0.01011,-0.433
16.54,0.2713,3.02,149.8,0.02216,1.101
26.76,0.2004,4.59,193.0,0.01602,-0.62
20.62,0.3711,3.08,154.1,0.016,1.085
30.53,0.1738,4.17,167.8,0.01054,-1.073
19.91,0.3219,2.88,172.4,0.02145,1.167
16.52,0.3563,3.09,140.1,0.02061,1.346
39.02,0.05,5.25,161.0,0.00798,-2.5
24.28,0.0735,4.28,171.7,0.01658,-0.9
23.14,0.3591,3.09,177.2,0.02021,0.981
24.44,0.2185,3.5,178.6,0.0133,0.03
22.81,0.2374,3.01,163.6,0.01483,0.39
29.72,0.2127,3.96,175.7,0.01068,-0.594
20.78,0.1897,3.23,155.7,0.01354,0.129
23.44,0.2207,3.33,143.8,0.01674,0.256
17.0,0.3299,2.83,159.5,0.02206,1.179
21.03,0.271,3.31,146.1,0.02054,0.638
25.61,0.2512,3.25,184.2,0.01201,0.26
24.55,0.1208,3.97,142.3,0.01194,-0.704
25.57,0.1743,3.89,169.1,0.01088,-0.384
26.79,0.2187,3.75,161.0,0.00874,-0.208
19.43,0.2583,3.44,168.2,0.0147,0.301
25.52,0.2089,3.53,185.5,0.01325,-0.107
23.04,0.2072,3.47,161.9,0.01589,-0.107
11.92,0.4265,2.5,199.1,0.03511,2.472
19.02,0.2821,2.67,176.0,0.02036,1.125
24.73,0.2173,4.08,162.7,0.01545,-0.422
14.36,0.3414,2.67,213.9,0.02181,1.845
26.89,0.2068,3.85,143.4,0.01703,-0.255
38.72,0.0597,5.07,184.3,0.0192,-2.238
29.58,0.1469,4.43,174.8,0.01359,-0.899
34.74,0.05,4.64,157.8,0.00902,-2.058
27.32,0.1449,3.68,189.4,0.01035,-0.688
21.36,0.2217,3.87,137.5,0.01299,-0.118
18.18,0.3663,2.88,177.3,0.02678,1.678
22.61,0.2389,3.23,150.8,0.01671,0.431
28.47,0.1831,3.48,171.2,0.01338,-0.312
17.97,0.2637,2.52,158.3,0.01866,1.181
39.8,0.05,4.86,171.5,0.01009,-2.276
24.25,0.2168,3.45,165.0,0.01509,0.093
20.87,0.3048,3.52,167.1,0.02373,0.791
32.6,0.05,4.52,170.8,0.01506,-1.625
17.21,0.335,3.37,174.7,0.02275,1.132
24.54,0.3299,3.2,152.7,0.0178,0.69
26.56,0.2194,4.17,207.0,0.01089,-0.42
16.59,0.349,3.09,165.3,0.01554,1.306
9.28,0.4627,2.58,159.0,0.02792,2.539
22.63,0.2849,3.06,154.6,0.01308,0.513
23.25,0.2159,3.53,149.0,0.01272,0.157
26.41,0.1483,3.26,177.4,0.01562,-0.269
31.11,0.05,3.99,169.8,0.01057,-1.317
15.53,0.3505,3.28,180.9,0.01623,1.211
29.0,0.196,3.91,159.4,0.01783,-0.592
19.97,0.205,3.25,161.7,0.01122,0.275
28.15,0.1621,4.12,159.4,0.01246,-0.753
21.18,0.2377,3.31,169.5,0.01719,0.413
23.0,0.2687,3.27,181.5,0.01126,0.51
16.57,0.3688,3.04,182.5,0.02401,1.546
29.36,0.0993,4.67,172.5,0.01391,-1.159
27.57,0.2094,4.09,172.5,0.01668,-0.394
30.55,0.1111,4.49,178.3,0.00996,-1.501
26.18,0.1801,3.98,169.3,0.0123,-0.388
23.08,0.2761,3.44,174.9,0.01514,0.292
18.42,0.2882,2.46,191.9,0.01885,1.278
30.78,0.1236,3.9,155.0,0.00764,-1.102
22.52,0.2984,2.98,162.6,0.01929,0.987
18.69,0.3944,2.29,163.5,0.01857,1.879
20.27,0.2781,3.03,172.7,0.01638,0.749
14.4,0.4165,1.97,159.7,0.02063,2.295
25.67,0.0918,4.01,171.9,0.00645,-0.897
31.99,0.0804,4.53,163.4,0.01446,-1.412
34.68,0.0781,4.91,182.0,0.01036,-1.894
12.03,0.3711,2.9,172.9,0.021,1.767
18.08,0.3118,2.95,169.8,0.02105,1.136
23.74,0.2851,3.05,181.8,0.01298,0.554
21.86,0.2895,2.92,189.1,0.01686,0.91
27.77,0.1112,3.84,154.8,0.0115,-0.779
11.33,0.4441,1.99,197.1,0.0396,2.833
23.79,0.1308,3.48,171.0,0.01122,-0.267
23.01,0.2242,3.24,171.9,0.01811,0.307
18.5,0.2795,3.3,169.8,0.01762,0.891
23.45,0.2837,3.27,190.0,0.01088,0.64
26.08,0.2362,3.48,139.3,0.01524,0.01
27.38,0.1281,4.38,158.7,0.01294,-0.876
20.18,0.196,2.99,177.4,0.01262,0.37
14.63,0.3706,2.69,194.4,0.02429,1.817
15.88,0.3736,2.86,201.4,0.02269,1.663
14.96,0.448,2.62,202.1,0.02579,2.168
28.29,0.165,4.15,160.7,0.00459,-0.667
25.62,0.1342,4.41,184.5,0.01516,-0.808
27.33,0.2455,3.39,154.3,0.01052,0.018
23.84,0.1931,3.51,179.6,0.00845,-0.271
17.16,0.3441,3.08,205.3,0.02358,1.4
33.13,0.05,4.45,183.2,0.01193,-1.591
15.51,0.4075,2.93,184.9,0.02788,1.827
21.41,0.2103,3.77,160.0,0.01331,-0.135
29.34,0.1892,4.38,142.1,0.012,-0.829
29.65,0.0875,3.7,169.7,0.01154,-0.966
33.99,0.0828,4.47,148.3,0.01345,-1.529
21.38,0.3857,2.87,163.0,0.01734,1.434
21.55,0.187,3.74,148.0,0.01003,-0.107
32.04,0.0774,3.82,158.1,0.01383,-1.254
30.59,0.0998,4.42,164.6,0.01157,-1.395
27.54,0.2179,3.6,169.1,0.0121,-0.215
10.57,0.3645,2.46,176.0,0.02862,2.267
25.23,0.0807,3.31,181.0,0.01166,-0.58
31.06,0.1241,4.29,161.9,0.01205,-1.102
26.22,0.2258,4.06,153.2,0.0102,-0.316
26.44,0.123,3.74,168.4,0.01329,-0.605
37.42,0.05,5.27,194.5,0.01305,-2.384
22.87,0.2773,4.13,170.0,0.0147,0.074
25.05,0.2548,3.81,159.6,0.01026,-0.235
18.38,0.3272,3.05,150.4,0.0162,1.14
15.51,0.3979,2.72,183.9,0.02917,1.945
17.07,0.336,2.82,182.0,0.02177,1.446
19.66,0.1879,3.6,159.2,0.00928,0.142
29.34,0.1545,3.75,140.0,0.01592,-0.594
7.77,0.4423,2.46,183.1,0.02749,2.707
20.41,0.1937,3.45,187.5,0.01483,0.232
21.45,0.2618,3.65,186.7,0.00832,0.149
24.35,0.2158,3.3,151.7,0.01766,0.133
25.57,0.2949,3.62,177.5,0.00895,0.163
25.42,0.1787,3.45,147.3,0.01546,-0.203
25.94,0.1604,3.87,186.1,0.01176,-0.433
27.92,0.1284,4.16,168.7,0.0109,-0.96
23.26,0.217,3.86,179.2,0.01256,-0.056
25.6,0.1065,3.89,139.3,0.0139,-0.674
25.61,0.1292,3.46,175.2,0.00929,-0.402
19.91,0.1732,4.44,166.2,0.0104,-0.27
24.62,0.2223,4.26,177.8,0.01395,-0.247
16.04,0.3991,2.99,196.8,0.01891,1.471
38.39,0.05,4.83,166.0,0.01025,-2.12
17.16,0.3825,2.97,169.1,0.02985,1.796
15.26,0.4445,2.75,191.6,0.01906,1.952
36.62,0.05,5.12,164.1,0.01544,-2.137
23.25,0.1601,3.87,151.9,0.01024,-0.423
27.59,0.2958,3.57,151.2,0.01353,-0.029
29.74,0.05,4.23,142.8,0.01396,-1.396
26.77,0.143,4.36,157.3,0.01539,-0.84
27.17,0.1161,4.69,181.5,0.0114,-1.172
13.36,0.449,3.09,188.7,0.03198,2.092
20.8,0.328,3.31,168.3,0.01772,0.815
18.04,0.3272,2.82,192.3,0.02288,1.344
21.99,0.2541,2.23,161.2,0.01851,0.93
31.25,0.0934,4.31,166.4,0.00863,-1.323
24.68,0.1273,3.89,162.3,0.01114,-0.522
20.65,0.2709,3.37,182.6,0.0164,0.787
29.16,0.0752,4.29,141.3,0.0107,-1.179
22.74,0.2315,2.81,160.8,0.02503,0.703
22.93,0.2462,3.9,140.4,0.00948,-0.045
27.85,0.1626,4.0,161.1,0.01554,-0.589
21.88,0.2404,3.41,191.7,0.02026,0.455
25.22,0.2577,3.64,162.7,0.01551,0.075
25.17,0.1866,3.98,157.3,0.0094,-0.363
19.05,0.2661,2.84,192.0,0.01897,0.847
34.51,0.1252,4.17,181.0,0.01045,-1.371
19.38,0.2397,3.29,171.1,0.01157,0.557
17.67,0.3478,3.31,182.4,0.01373,1.076
21.94,0.21,4.07,148.8,0.00755,-0.208
23.63,0.2366,3.61,189.6,0.01865,0.176
27.11,0.0651,4.91,197.2,0.01386,-1.484
18.17,0.3082,3.75,183.9,0.02175,0.912
25.89,0.226,3.73,133.7,0.01377,-0.207
27.25,0.1667,2.74,156.6,0.0125,-0.005
19.08,0.3162,3.39,186.8,0.02477,1.035
28.32,0.1519,3.83,158.7,0.01017,-0.767
34.3,0.055,4.13,184.1,0.01232,-1.581
30.66,0.0506,4.34,173.8,0.01424,-1.509
19.31,0.1972,3.13,161.7,0.01288,0.539
29.5,0.1309,4.49,165.5,0.02129,-1.079
16.01,0.4074,2.17,172.7,0.02612,2.107
37.25,0.05,4.42,162.3,0.01243,-2.022
15.57,0.4656,2.77,177.0,0.02934,2.097
25.21,0.2446,3.67,185.2,0.01643,0.188
22.18,0.1689,3.85,196.7,0.01211,-0.165
30.33,0.1998,3.66,143.5,0.01239,-0.5
24.85,0.2758,3.09,140.9,0.01068,0.341
25.68,0.232,3.47,161.3,0.01033,0.051
21.5,0.3133,3.07,155.5,0.02238,0.884
20.06,0.2494,3.98,167.1,0.01425,0.298
22.12,0.2246,2.9,178.0,0.01687,0.458
24.53,0.2059,3.73,187.4,0.01164,-0.211
25.76,0.1381,3.23,168.0,0.00784,-0.29
20.21,0.2334,2.94,165.8,0.01763,0.754
34.92,0.1179,4.83,135.3,0.01631,-1.571
34.16,0.0545,4.5,165.4,0.01469,-1.796
21.3,0.2702,3.33,175.0,0.01746,0.553
23.63,0.2192,3.78,176.6,0.0165,0.017
23.04,0.153,3.56,154.4,0.02229,-0.114
22.2,0.1335,3.46,158.7,0.01249,-0.068
24.59,0.2455,4.06,147.0,0.01085,-0.351
28.53,0.1715,3.82,130.6,0.01024,-0.682
28.2,0.1401,4.25,148.4,0.01388,-0.911
22.09,0.2338,3.49,143.8,0.00875,-0.048
25.33,0.1239,3.58,170.1,0.01251,-0.585
19.61,0.3017,2.76,162.1,0.01641,1.119
37.19,0.05,4.36,156.9,0.01661,-1.828
15.78,0.3,3.35,162.6,0.02416,1.281
21.78,0.256,3.58,122.2,0.01837,0.522
24.61,0.2688,3.73,190.7,0.00756,0.074
16.09,0.3748,2.76,161.8,0.02262,1.718
15.21,0.3614,3.17,178.8,0.02744,1.586
20.3,0.3254,2.75,155.3,0.02088,0.984
34.15,0.05,4.68,179.6,0.00681,-2.039
36.77,0.0523,4.3,167.2,0.00967,-1.862
24.1,0.1583,3.89,152.6,0.0085,-0.401
25.97,0.164,3.99,159.4,0.00616,-0.601
20.81,0.201,3.1,196.4,0.01613,0.34
29.54,0.1621,3.59,163.9,0.00961,-0.554
23.86,0.2233,3.5,164.5,0.02137,0.326
26.69,0.1526,3.9,150.9,0.01149,-0.521
27.82,0.1581,4.95,136.6,0.01588,-0.979
28.02,0.05,4.58,162.6,0.00729,-1.529
30.28,0.1259,3.98,169.9,0.01041,-0.908
32.03,0.05,4.03,181.5,0.01229,-1.403
30.64,0.1781,3.57,131.3,0.00928,-0.587
20.32,0.2711,2.71,160.8,0.01916,0.989
29.96,0.1172,4.16,156.3,0.01135,-1.083
9.82,0.4415,2.58,196.5,0.03236,2.533
19.52,0.2921,3.67,168.7,0.02151,0.694
21.56,0.2252,3.57,165.4,0.01461,0.31
31.09,0.1134,3.98,171.1,0.01344,-1.083
23.02,0.3242,3.3,159.9,0.01922,0.818
26.69,0.1636,3.76,179.0,0.01384,-0.395
23.42,0.2529,4.05,173.0,0.01273,-0.042
8.11,0.4368,2.14,190.9,0.03152,2.991
26.87,0.1542,3.63,189.0,0.0125,-0.492
19.01,0.3392,2.3,202.1,0.02466,1.718
31.75,0.1369,3.93,179.0,0.01538,-0.906
22.44,0.2416,3.87,119.7,0.01128,0.055
13.5,0.3939,2.31,209.9,0.02847,2.163
27.91,0.1655,3.72,176.9,0.01142,-0.548
15.32,0.3363,2.84,216.8,0.0266,1.588
19.68,0.3663,2.77,192.1,0.01624,1.231
25.35,0.1572,4.23,188.7,0.01146,-0.66
22.28,0.3111,3.09,185.8,0.02108,0.795
20.09,0.2838,2.95,196.9,0.02006,0.98
18.75,0.2945,2.92,202.4,0.01738,1.141
35.35,0.05,4.58,168.2,0.00766,-2.043
30.34,0.1654,4.74,141.4,0.01107,-1.027
25.63,0.181,3.97,160.4,0.01128,-0.457
24.57,0.2137,3.38,170.8,0.00951,-0.079
21.69,0.31,3.6,173.6,0.01703,0.661
21.3,0.1885,3.41,148.4,0.01213,0.093
31.4,0.0591,4.75,140.5,0.01224,-1.671
17.6,0.2763,3.63,158.4,0.01541,0.647
22.39,0.365,2.38,184.4,0.01402,1.23
17.8,0.2705,2.99,195.4,0.01528,0.991
21.06,0.3517,3.29,191.7,0.02088,0.992
18.75,0.2991,3.19,190.9,0.02222,0.892
21.05,0.3436,3.04,169.3,0.01644,1.072
23.13,0.1431,3.45,138.9,0.01001,-0.325
32.56,0.0577,3.94,158.2,0.0132,-1.456
24.47,0.1979,3.34,166.3,0.02056,0.22
17.88,0.1405,4.15,160.0,0.01641,-0.224
25.06,0.2591,3.69,169.1,0.01582,-0.073
31.7,0.0979,4.96,171.6,0.01418,-1.538
27.53,0.1005,4.46,177.8,0.01632,-1.077
16.06,0.3211,3.33,173.5,0.02365,1.21
27.57,0.34,4.21,136.4,0.0137,-0.002
18.36,0.2778,3.34,165.9,0.02066,0.869
21.54,0.2432,3.53,166.0,0.00898,0.181
26.11,0.197,3.89,183.7,0.00773,-0.31
19.52,0.3256,3.52,167.7,0.01998,0.767
24.96,0.1589,3.74,172.7,0.01221,-0.343
23.9,0.2132,3.33,170.5,0.01114,0.138
24.49,0.2465,3.9,165.7,0.01448,-0.078
28.59,0.2236,4.09,179.0,0.00641,-0.665
27.82,0.1946,4.01,155.1,0.0104,-0.479
23.84,0.15,3.05,159.0,0.01232,-0.108
27.36,0.1577,4.44,164.8,0.00709,-0.978
20.62,0.4537,2.72,170.5,0.02653,1.887
28.92,0.1213,4.01,172.6,0.00792,-0.973
22.66,0.2454,3.43,154.3,0.01023,0.098
27.32,0.2337,4.65,168.4,0.01472,-0.451
20.21,0.3735,2.88,180.9,0.02551,1.375
20.89,0.206,3.24,170.6,0.01025,0.246
17.6,0.2258,3.29,170.5,0.0223,0.747
33.0,0.0988,4.65,159.9,0.01287,-1.495
22.42,0.2141,3.4,169.6,0.02114,0.462
17.14,0.316,3.36,178.7,0.02033,0.94
25.79,0.1782,3.31,165.9,0.01223,-0.087
22.78,0.3159,2.87,203.4,0.01795,0.963
27.24,0.1696,3.28,150.1,0.00977,-0.317
14.44,0.3717,2.43,180.9,0.0208,1.973
8.26,0.4053,2.88,169.0,0.0345,2.521
26.51,0.2316,4.29,170.6,0.01205,-0.535
28.66,0.1516,3.86,148.3,0.0137,-0.539
16.96,0.2984,3.3,178.3,0.02817,1.032
15.31,0.3736,2.68,178.4,0.01756,1.608
25.7,0.1691,3.81,169.2,0.01584,-0.383
24.13,0.1844,3.85,156.7,0.01217,-0.114
27.22,0.2463,3.72,156.1,0.01331,-0.153
33.22,0.0761,4.27,186.5,0.00951,-1.538
25.96,0.1234,4.45,169.3,0.00973,-0.836
32.7,0.0755,4.2,156.6,0.01347,-1.434
29.37,0.176,4.24,161.2,0.01915,-0.802
26.99,0.2239,3.93,189.7,0.01501,-0.311
20.03,0.2266,3.59,164.3,0.01767,0.481
12.74,0.2989,2.46,173.3,0.02383,1.751
29.19,0.1779,3.74,154.7,0.0102,-0.445
19.59,0.2693,3.1,168.6,0.01753,0.855
28.77,0.1749,3.67,156.1,0.01054,-0.596
25.68,0.2294,3.65,145.8,0.00584,-0.18
19.8,0.2396,3.22,156.2,0.01522,0.5
28.12,0.05,4.99,152.6,0.01032,-1.688
24.36,0.1733,2.99,178.5,0.01453,0.454
21.16,0.2655,2.91,161.3,0.01373,0.792
24.55,0.2474,3.43,167.8,0.01703,0.302
21.84,0.366,3.33,187.5,0.01427,0.858
13.68,0.4258,2.34,213.9,0.0299,2.486
28.87,0.1194,4.13,160.8,0.00611,-0.972
26.65,0.1443,4.28,155.5,0.01027,-0.67
26.39,0.1674,3.49,152.0,0.00908,-0.22
26.37,0.1456,3.74,175.4,0.0134,-0.624
28.36,0.1808,4.08,161.9,0.01473,-0.708
17.61,0.2998,3.18,173.5,0.02433,1.038
15.0,0.3068,3.48,169.8,0.02563,1.122
26.81,0.091,4.2,153.5,0.0116,-0.974
28.74,0.05,4.04,169.8,0.01043,-1.285
17.15,0.2464,3.07,150.9,0.01353,0.975
27.95,0.1527,3.73,179.9,0.00748,-0.511
18.56,0.258,3.07,164.6,0.02004,0.865
20.58,0.29,3.68,165.2,0.0131,0.646
28.96,0.1175,4.51,144.9,0.00826,-1.097
11.9,0.3614,2.35,183.4,0.0219,2.043
11.41,0.3278,2.48,181.6,0.02377,1.778
25.95,0.1361,4.2,164.2,0.01213,-0.765
30.04,0.1572,3.92,187.1,0.0152,-0.796
21.38,0.2223,3.61,171.1,0.01324,0.206
22.52,0.2255,3.53,157.1,0.00792,0.095
21.18,0.2597,3.73,162.2,0.0167,0.365
13.21,0.4056,2.57,198.0,0.02761,2.213
24.82,0.1769,3.58,184.5,0.01133,-0.332
26.0,0.1485,3.76,169.2,0.01012,-0.498
34.49,0.0965,4.43,175.3,0.01265,-1.59
31.63,0.1105,3.27,174.1,0.0122,-0.777
20.82,0.2675,3.56,186.3,0.01193,0.495
12.08,0.3603,2.55,157.3,0.02759,1.96
26.29,0.1035,3.48,175.0,0.01071,-0.62
20.84,0.2576,3.2,182.4,0.01233,0.537
25.1,0.1857,3.85,144.9,0.01614,-0.308
16.01,0.3517,3.02,166.0,0.02319,1.567
14.43,0.3765,2.24,182.6,0.0347,2.167
29.3,0.2226,3.98,154.1,0.01568,-0.49
27.12,0.1979,3.9,157.8,0.01358,-0.459
20.31,0.2644,3.4,181.2,0.02314,0.767
22.46,0.229,3.26,186.2,0.01272,0.261
12.72,0.4716,2.15,203.4,0.02739,2.703
19.16,0.2489,3.77,159.4,0.01612,0.573
26.13,0.1507,3.91,152.3,0.01703,-0.498
22.47,0.1884,3.1,191.8,0.01951,0.394
18.18,0.3168,2.61,188.0,0.01898,1.464
16.33,0.2929,3.27,176.1,0.01968,1.143
19.6,0.2993,3.29,178.2,0.01656,0.823
17.99,0.2707,3.49,177.4,0.0219,0.848
17.42,0.2761,2.85,186.9,0.0183,0.986
20.34,0.3763,2.59,176.5,0.02414,1.468
17.66,0.3251,3.51,176.8,0.01651,0.904
25.93,0.1404,3.97,142.3,0.01285,-0.433
26.17,0.2779,3.57,156.4,0.011,0.039
21.91,0.3422,3.14,169.3,0.0199,0.908
27.68,0.182,4.04,159.4,0.01552,-0.624
22.96,0.2541,3.47,155.5,0.01179,0.312
27.3,0.0798,4.17,157.0,0.00907,-1.089
24.23,0.2168,3.77,142.6,0.01208,-0.018
16.77,0.3903,2.85,188.6,0.01991,1.69
23.82,0.2034,3.9,166.1,0.01087,-0.322
18.68,0.2091,2.87,140.0,0.01269,0.573
32.84,0.077,4.96,152.5,0.00748,-1.742
20.15,0.1786,2.68,179.0,0.01495,0.519
20.0,0.3514,3.06,164.6,0.02333,1.318
16.2,0.4003,2.4,180.5,0.03068,2.068
24.34,0.2095,3.73,163.9,0.00976,-0.234
21.99,0.2384,3.78,172.8,0.01501,0.144
26.61,0.2952,3.15,146.4,0.0157,0.334
13.66,0.394,2.81,192.2,0.0276,1.936
23.42,0.2011,3.48,153.0,0.01162,0.023
22.17,0.2122,3.54,168.1,0.01716,0.231
22.34,0.3127,3.25,171.8,0.01075,0.51
23.39,0.1637,3.53,159.3,0.01032,-0.19
23.87,0.2012,3.68,149.6,0.01249,-0.147
21.87,0.1954,3.34,163.0,0.01454,0.137
16.88,0.3775,3.1,202.3,0.01785,1.442
29.49,0.1238,4.45,144.6,0.01278,-1.171
24.12,0.2591,3.35,192.0,0.01119,0.37
28.69,0.1533,3.72,161.1,0.01117,-0.553
13.88,0.2694,3.13,179.9,0.02463,1.351
34.51,0.05,4.43,148.7,0.01473,-1.758
27.58,0.191,4.16,153.4,0.00901,-0.724
24.69,0.2644,3.12,162.0,0.01185,0.364
16.28,0.4238,2.21,168.1,0.02329,2.139
26.56,0.2296,3.48,161.9,0.01192,-0.117
27.99,0.1258,3.68,158.9,0.01003,-0.807
16.35,0.3763,2.54,215.3,0.03017,1.894
33.01,0.0793,4.21,147.5,0.01304,-1.456
35.9,0.05,5.03,166.5,0.01322,-2.049
26.12,0.3309,3.27,174.0,0.01172,0.529
28.54,0.1875,3.92,148.9,0.0155,-0.431
30.76,0.167,4.21,175.3,0.00354,-1.158
17.55,0.2276,3.27,167.5,0.02017,0.747
20.08,0.2942,3.46,130.5,0.01675,0.638
27.69,0.2529,4.06,174.9,0.0107,-0.424
31.33,0.05,4.07,148.2,0.01582,-1.369
17.97,0.3381,3.54,159.8,0.01879,1.094
20.71,0.2851,3.17,183.1,0.01739,0.729
27.72,0.1483,3.26,159.8,0.01302,-0.243
15.23,0.4244,2.64,200.9,0.03633,2.261
27.6,0.1463,3.93,183.2,0.01603,-0.661
32.17,0.05,4.64,155.3,0.0141,-1.581
26.2,0.1974,4.64,176.9,0.00926,-0.714
23.48,0.1488,3.39,153.7,0.01243,-0.238
21.83,0.1845,3.57,201.4,0.01151,0.146
24.37,0.2013,3.21,154.6,0.01447,0.135
19.55,0.2562,3.54,184.6,0.01524,0.511
30.63,0.0662,4.02,177.7,0.00863,-1.379
14.94,0.3968,2.62,187.1,0.02379,2.036
18.59,0.233,3.31,154.9,0.00945,0.532
21.96,0.3661,3.21,176.1,0.02139,1.114
24.29,0.2493,3.71,136.8,0.01216,0.015
20.74,0.2898,3.36,173.8,0.01574,0.735
20.9,0.2592,3.03,177.1,0.01881,0.797
19.19,0.3469,3.83,172.4,0.01542,0.732
23.86,0.2518,3.02,128.1,0.01597,0.352
20.48,0.4371,2.22,162.0,0.02324,1.978
23.23,0.241,3.63,156.1,0.01566,0.053
22.15,0.2359,2.88,177.9,0.01435,0.56
24.84,0.2657,3.95,169.3,0.01278,-0.043
13.41,0.369,2.69,179.7,0.02747,2.042
26.9,0.1864,4.15,174.5,0.01372,-0.582
14.36,0.449,3.03,171.2,0.02658,2.142
23.31,0.2295,3.26,174.2,0.01392,0.226
31.43,0.0532,4.22,172.1,0.01336,-1.354
23.11,0.2718,3.51,172.2,0.01529,0.531
27.58,0.1519,4.44,162.3,0.00593,-1.07
19.48,0.3315,2.94,202.5,0.01406,1.11
25.47,0.0686,3.78,172.4,0.01501,-0.546
25.02,0.1933,3.99,150.5,0.00748,-0.416
31.82,0.05,4.47,168.7,0.0132,-1.583
28.44,0.2409,3.89,176.3,0.01094,-0.282
33.12,0.05,4.47,156.2,0.00901,-1.73
35.02,0.0712,5.14,181.3,0.01305,-2.145
22.59,0.3155,2.78,179.9,0.01869,1.056
19.07,0.2586,3.07,139.3,0.02462,0.745
16.45,0.3275,3.36,174.6,0.01353,1.032
28.6,0.203,4.71,158.9,0.01632,-0.705
24.13,0.2309,3.23,173.1,0.01306,0.194
22.0,0.2833,4.2,179.2,0.01002,0.036
29.34,0.0814,4.46,167.9,0.0144,-1.209
18.79,0.3385,2.9,208.0,0.02572,1.286
20.5,0.3094,2.82,172.8,0.01913,0.961
23.37,0.2153,3.89,174.4,0.0128,-0.079
20.66,0.2069,3.37,177.4,0.01042,0.225
22.2,0.2623,3.87,166.0,0.01119,0.06
34.8,0.05,4.43,176.7,0.01428,-1.694
26.35,0.1553,3.7,156.1,0.01133,-0.44
26.68,0.1726,3.81,158.7,0.01176,-0.497
30.53,0.1544,3.85,145.3,0.01284,-0.818
29.42,0.1987,3.98,168.6,0.0128,-0.556
15.74,0.4459,2.77,191.5,0.02209,2.097
20.38,0.2354,3.61,190.4,0.02099,0.403
26.78,0.1816,3.38,176.9,0.01236,-0.18
20.14,0.2304,3.6,167.6,0.01597,0.393
18.66,0.3154,3.58,164.1,0.02449,1.006
17.66,0.2872,2.96,182.6,0.02011,1.103
23.76,0.1883,4.14,182.4,0.01478,-0.393
27.66,0.1334,3.88,176.3,0.01361,-0.735
19.16,0.2813,2.8,189.6,0.01974,1.071
19.09,0.2928,3.29,166.5,0.0192,1.012
19.72,0.2967,3.42,168.7,0.02181,0.784
20.38,0.2201,3.0,161.6,0.0166,0.637
19.23,0.3706,2.84,176.8,0.01703,1.329
25.88,0.133,4.07,163.8,0.017,-0.616
19.2,0.3494,2.88,183.9,0.02183,1.447
21.16,0.2576,3.67,165.4,0.01216,0.372
16.01,0.4355,2.53,187.9,0.02339,1.972
24.3,0.1948,4.12,153.3,0.01302,-0.393
15.32,0.4128,2.52,200.0,0.02633,2.17
23.86,0.2053,3.56,168.5,0.00904,-0.068
25.99,0.242,3.68,162.4,0.01336,-0.142
27.51,0.1794,4.25,153.8,0.01051,-0.779
28.32,0.1821,3.59,145.0,0.02007,-0.251
17.23,0.301,3.71,189.7,0.01369,0.828
22.13,0.2823,3.24,179.6,0.01488,0.588
22.17,0.1786,3.98,140.6,0.00938,-0.07
22.2,0.3173,3.46,176.4,0.01583,0.708
15.48,0.4232,2.12,204.5,0.02802,2.291
13.33,0.38,2.13,187.6,0.02365,2.13
19.25,0.2683,3.04,194.2,0.01761,0.764
23.4,0.2667,3.48,168.7,0.00816,0.257
27.48,0.1717,3.6,145.2,0.01484,-0.419
16.96,0.2027,3.57,177.8,0.02225,0.679
27.52,0.0942,4.03,168.7,0.0137,-0.804
28.41,0.1289,3.48,156.0,0.01391,-0.528
36.89,0.05,4.08,173.6,0.01461,-1.81
21.6,0.28,3.52,144.8,0.02032,0.51
17.96,0.2491,3.66,187.6,0.02081,0.712
30.85,0.1146,4.25,151.8,0.01332,-1.197
18.53,0.3802,2.95,169.1,0.0273,1.637
32.1,0.1319,4.47,163.3,0.00934,-1.281
30.43,0.05,4.91,171.5,0.01433,-1.682
22.67,0.2753,3.58,170.2,0.01078,0.253
17.92,0.3574,3.22,166.4,0.01928,1.239
15.4,0.4266,2.58,177.6,0.01622,1.958
29.43,0.2229,3.44,148.0,0.0132,-0.162
19.83,0.4159,2.8,174.6,0.0187,1.481
22.06,0.2019,3.62,181.1,0.01533,0.068
27.7,0.2071,3.71,164.9,0.01317,-0.32
19.77,0.2917,3.69,188.5,0.02244,0.738
21.79,0.2853,3.27,194.7,0.01397,0.524
35.6,0.1237,4.82,156.2,0.01512,-1.756
13.66,0.3139,2.66,179.9,0.03013,1.807
16.34,0.3236,2.75,214.1,0.02533,1.389
26.38,0.2125,3.55,186.7,0.01437,-0.019
18.69,0.3004,3.16,144.7,0.01568,0.919
21.98,0.2549,3.49,176.7,0.01438,0.239
27.59,0.2802,3.46,168.1,0.01637,0.116
23.35,0.1786,4.19,177.4,0.00748,-0.436
27.63,0.2128,4.02,153.8,0.01075,-0.515
25.42,0.2204,3.51,152.4,0.00669,-0.125
17.8,0.3783,3.6,168.9,0.01927,1.228
20.78,0.38,3.27,162.9,0.01827,1.103
23.44,0.2069,4.15,177.2,0.01352,-0.323
20.22,0.2991,3.06,156.5,0.01833,0.891
38.15,0.05,5.38,155.7,0.01251,-2.303
13.3,0.3203,3.25,152.0,0.01553,1.45
35.96,0.1415,4.62,180.1,0.01088,-1.732
27.91,0.191,3.09,184.1,0.00996,-0.084
30.26,0.0971,4.22,160.1,0.01002,-1.207
31.58,0.0571,4.68,160.5,0.0138,-1.557
19.76,0.38,3.12,185.7,0.01871,1.216
27.02,0.2079,3.99,187.1,0.01019,-0.589
23.9,0.2348,2.89,175.3,0.00851,0.384
23.66,0.2384,3.41,154.5,0.01112,0.097
24.0,0.2074,3.46,146.4,0.01255,-0.093
24.22,0.2351,3.68,149.2,0.01285,-0.08
31.44,0.1098,4.67,166.1,0.00915,-1.418
15.98,0.3879,3.01,167.1,0.02028,1.62
27.29,0.1398,3.99,167.9,0.01157,-0.669
30.9,0.05,4.46,156.7,0.01702,-1.416
25.08,0.1414,3.54,149.1,0.01349,-0.383
14.12,0.3166,2.1,165.4,0.01849,1.809
17.19,0.3585,3.26,198.6,0.01501,1.173
30.17,0.2471,3.84,178.3,0.01217,-0.404
28.58,0.1979,3.61,191.0,0.00921,-0.507
29.61,0.2367,3.29,173.1,0.00309,-0.249
10.13,0.433,2.65,183.5,0.03266,2.607
22.04,0.2544,3.31,189.4,0.01722,0.414
19.05,0.2497,3.53,169.7,0.017,0.649
16.94,0.3106,3.59,180.7,0.01842,0.938
20.85,0.182,2.83,167.2,0.01519,0.46
27.9,0.2047,3.53,120.8,0.00989,-0.45
24.29,0.1988,3.65,189.1,0.01261,-0.263
26.53,0.2427,4.08,172.4,0.00924,-0.312
25.41,0.22,3.13,169.9,0.01655,0.255
24.61,0.2863,3.78,172.8,0.01311,0.121
20.76,0.1903,3.61,168.1,0.01611,0.272
22.49,0.2962,3.17,164.8,0.01798,0.761
26.74,0.2415,3.58,174.2,0.01053,-0.172
21.62,0.1821,3.43,146.3,0.01313,0.091
37.0,0.05,5.01,167.8,0.0142,-1.953
19.63,0.321,2.78,184.4,0.02343,1.149
21.64,0.2259,3.51,166.2,0.01571,0.313
16.86,0.2963,2.94,182.5,0.01731,1.13
38.49,0.05,4.96,150.1,0.01217,-2.197
16.61,0.3835,3.23,175.6,0.03416,1.76
24.77,0.22,3.8,168.6,0.01604,-0.111
19.47,0.295,3.17,188.5,0.02359,1.06
28.14,0.1585,4.51,136.9,0.01439,-0.723
19.07,0.3748,2.84,180.2,0.019,1.421
31.96,0.0802,4.71,156.9,0.01548,-1.481
24.73,0.179,3.19,162.1,0.01063,-0.1
12.64,0.3823,2.32,167.9,0.02325,2.158
25.12,0.2426,3.57,152.2,0.01221,0.028
23.03,0.1911,3.65,182.1,0.01129,-0.031
18.86,0.3262,3.19,175.9,0.0158,1.114
22.07,0.2346,3.28,165.2,0.0138,0.35
24.56,0.2268,3.51,165.1,0.02066,0.285
23.46,0.2153,3.11,176.7,0.01533,0.411
8.81,0.4932,1.83,200.4,0.03231,3.292
23.75,0.1808,3.85,163.9,0.00833,-0.359
25.28,0.2622,3.7,183.8,0.00808,-0.057
20.01,0.3113,3.5,192.2,0.01795,0.708
15.17,0.326,2.75,184.5,0.02516,1.664
18.17,0.3446,3.15,180.1,0.0225,1.157
16.53,0.2534,3.16,182.5,0.01891,0.972
30.38,0.1141,4.59,169.7,0.01422,-1.352
18.81,0.4446,3.01,200.5,0.02329,1.778
28.41,0.0742,4.29,178.5,0.01616,-1.144
20.67,0.2971,3.33,153.4,0.01252,0.773
29.68,0.2045,4.3,148.7,0.01622,-0.591
21.27,0.1809,3.83,154.5,0.01333,0.04
20.93,0.1947,3.21,183.6,0.00926,0.341
23.43,0.2642,3.02,145.2,0.01233,0.5
20.41,0.2403,3.28,176.0,0.01002,0.336
14.65,0.4561,3.17,189.8,0.0284,1.945
22.99,0.2667,3.69,187.9,0.01555,0.104
26.19,0.1635,3.4,167.7,0.00531,-0.473
19.23,0.2705,2.72,156.4,0.02084,1.054
16.78,0.3825,3.33,164.9,0.0199,1.339
31.49,0.0744,3.93,147.3,0.00755,-1.322
20.47,0.2815,3.42,164.1,0.02181,0.75
21.06,0.3283,3.03,170.7,0.01793,0.966
24.64,0.1709,4.25,147.5,0.01112,-0.645
16.07,0.3557,2.61,203.6,0.02181,1.667
22.85,0.2043,4.03,145.1,0.00746,-0.326
23.24,0.2599,3.59,186.7,0.00909,0.157
23.33,0.2263,3.77,182.8,0.01585,0.157
21.69,0.2128,3.0,178.7,0.0107,0.348
30.55,0.1129,3.54,154.6,0.01207,-0.697
32.35,0.0611,4.33,170.1,0.00587,-1.506
16.8,0.3203,2.8,165.0,0.0208,1.331
27.8,0.1456,3.73,178.7,0.01383,-0.674
30.27,0.1965,3.82,163.9,0.01313,-0.584
36.95,0.05,4.95,158.9,0.01726,-1.982
28.4,0.1252,4.12,146.6,0.01603,-0.894
29.63,0.0529,4.29,127.8,0.01131,-1.31
15.27,0.4132,2.93,169.1,0.02655,1.986
19.17,0.3389,2.69,193.8,0.01913,1.264
27.8,0.1448,3.87,159.0,0.01816,-0.643
7.44,0.4085,2.86,189.5,0.03347,2.563
18.92,0.3219,3.08,186.6,0.02036,1.125
30.21,0.1249,3.82,192.1,0.0126,-0.939
37.03,0.05,5.67,184.9,0.01633,-2.445
9.94,0.484,1.92,177.9,0.03207,3.062
32.39,0.05,4.6,135.9,0.01668,-1.759
33.67,0.05,5.0,200.4,0.00542,-2.005
20.76,0.3854,2.94,211.3,0.02156,1.306
8.07,0.4395,2.52,197.1,0.02997,2.476
17.85,0.4039,2.54,162.6,0.02834,1.887
22.08,0.2702,3.08,186.2,0.02115,0.646
20.44,0.273,3.39,170.5,0.01686,0.753
19.98,0.3229,3.37,173.5,0.02343,0.917
21.88,0.2605,3.52,187.5,0.02342,0.425
24.2,0.2534,3.92,173.4,0.01447,0.062
21.14,0.2152,3.52,148.5,0.02025,0.268
25.98,0.1609,3.99,160.1,0.01191,-0.617
28.02,0.1581,3.91,174.9,0.01136,-0.626
25.69,0.1814,4.02,172.7,0.0146,-0.507
33.46,0.05,4.59,168.9,0.01094,-1.9
24.24,0.1618,3.79,179.0,0.01226,-0.203
31.82,0.1848,4.27,159.6,0.01623,-0.841
29.9,0.1447,3.73,167.7,0.01206,-0.769
20.77,0.2766,3.16,116.5,0.00835,0.586
15.56,0.347,2.87,175.0,0.02424,1.629
19.31,0.2427,2.59,187.5,0.01726,1.01
35.1,0.1411,4.71,159.1,0.0146,-1.565
30.65,0.1186,4.41,158.0,0.01409,-1.155
17.12,0.2841,3.18,160.7,0.02394,1.036
34.37,0.1384,3.8,180.1,0.01472,-1.07
25.77,0.2442,4.14,173.2,0.01527,-0.193
23.53,0.2741,3.91,184.0,0.01439,0.152
29.02,0.1743,4.18,139.1,0.01441,-0.679
24.49,0.2739,3.7,163.9,0.01875,0.292
33.02,0.05,4.39,160.8,0.00993,-1.8
29.74,0.1329,4.09,160.8,0.0174,-0.982
24.36,0.2903,3.39,159.6,0.01291,0.353
34.51,0.05,4.47,159.8,0.00944,-1.668
20.95,0.2581,3.63,183.0,0.01641,0.339
22.96,0.1608,4.31,136.3,0.01415,-0.492
21.63,0.2562,2.88,198.3,0.01916,0.696
24.63,0.2304,3.45,174.9,0.01091,0.013
16.05,0.3421,2.5,180.7,0.02422,1.718
25.44,0.2104,4.01,180.1,0.01095,-0.221
29.27,0.1332,3.66,143.2,0.00753,-0.758
21.49,0.3239,3.1,156.5,0.01019,0.732
19.34,0.349,3.49,169.7,0.01409,1.139
23.45,0.1784,4.1,186.1,0.01396,-0.33
24.39,0.2873,3.78,164.8,0.01578,0.188
26.81,0.1338,4.05,171.8,0.00758,-0.698
30.35,0.1589,4.09,156.2,0.01306,-0.904
32.56,0.0772,4.8,172.3,0.00847,-1.608
14.46,0.3686,2.38,211.2,0.02788,1.957
27.97,0.135,4.25,179.9,0.01013,-0.819
25.18,0.1557,3.85,163.8,0.00885,-0.488
28.51,0.1291,3.64,175.1,0.0144,-0.55
14.81,0.2573,3.01,184.4,0.0174,1.243
27.65,0.1548,4.09,172.6,0.01105,-0.836
16.82,0.2791,3.08,196.7,0.01532,1.092
34.19,0.1531,4.16,181.6,0.01484,-1.256
27.08,0.2,3.49,166.4,0.01669,-0.244
28.23,0.1258,4.22,174.6,0.01202,-1.009
11.99,0.4893,2.18,185.0,0.02458,2.77
32.52,0.1492,4.16,151.2,0.01563,-1.037
25.7,0.2497,3.49,164.7,0.01248,0.061
17.24,0.2799,3.33,171.5,0.01571,0.87
18.15,0.3366,3.47,145.0,0.02225,1.123
23.78,0.2223,3.66,177.9,0.00989,0.018
25.88,0.1939,3.56,123.5,0.01423,-0.089
24.75,0.1673,4.52,206.2,0.01404,-0.513
26.95,0.2211,3.95,187.5,0.01317,-0.328
16.3,0.3496,3.19,172.7,0.02056,1.306
7.21,0.4158,2.31,191.7,0.03081,2.806
28.78,0.1759,3.77,169.5,0.01282,-0.647
29.88,0.0685,4.31,156.2,0.01184,-1.392
20.45,0.2038,3.74,167.9,0.01653,0.244
10.1,0.3785,1.62,193.8,0.0287,2.692
30.01,0.1308,3.57,163.6,0.01506,-0.795
14.74,0.4227,2.51,187.4,0.02758,2.052
13.86,0.3625,2.74,165.4,0.02752,1.872
26.73,0.1667,3.83,165.6,0.01535,-0.361
20.13,0.2467,3.73,174.3,0.01627,0.453
12.35,0.3973,2.26,186.5,0.01942,2.215
24.66,0.1734,3.58,161.8,0.01178,-0.072
26.16,0.1621,4.17,182.1,0.00903,-0.692
27.84,0.2151,3.96,159.7,0.0098,-0.472
29.92,0.1557,4.42,168.4,0.00827,-1.282
25.58,0.1309,4.57,184.5,0.01057,-0.974
30.37,0.1175,4.07,163.8,0.01021,-1.006
19.46,0.2449,3.55,168.6,0.00514,0.438
28.59,0.1687,3.94,163.6,0.0141,-0.698
25.57,0.1756,2.89,186.4,0.02053,0.203
29.61,0.1047,4.36,161.1,0.01382,-1.077
21.01,0.2303,3.68,188.2,0.01404,0.228
20.07,0.289,3.3,173.4,0.0185,0.589
37.47,0.1261,4.88,152.1,0.01074,-1.833
21.05,0.2695,3.28,179.7,0.01526,0.65
15.86,0.3273,2.73,175.2,0.02171,1.435
26.72,0.05,4.65,174.3,0.00948,-1.42
15.01,0.4428,2.53,144.1,0.03043,2.178
25.78,0.2081,3.46,170.1,0.01089,-0.321
28.43,0.1094,4.04,158.1,0.01415,-0.831
24.26,0.2012,4.07,149.1,0.0117,-0.314
21.57,0.3325,3.58,163.4,0.02217,0.914
23.56,0.2585,3.17,157.3,0.01363,0.479
19.41,0.2676,2.95,170.7,0.01523,0.809
30.71,0.1403,4.28,144.5,0.01126,-1.089
23.52,0.2129,3.49,171.8,0.01347,0.119
31.81,0.0842,4.24,185.5,0.00857,-1.333
22.66,0.2118,3.97,169.2,0.0097,-0.124
31.58,0.1684,4.15,177.1,0.00665,-0.943
29.37,0.1851,4.02,181.4,0.00923,-0.745
16.1,0.3634,3.15,198.4,0.02217,1.381
20.0,0.3146,2.89,206.1,0.02163,1.115
19.65,0.3106,3.74,164.8,0.01094,0.596
28.44,0.1071,3.96,154.2,0.01159,-1.025
24.22,0.1451,3.97,176.8,0.01369,-0.579
13.79,0.3252,3.36,190.2,0.02122,1.374
24.16,0.2376,3.11,178.3,0.01123,0.243
7.58,0.4883,2.22,221.2,0.02932,3.045
19.38,0.252,3.73,169.9,0.01352,0.365
18.79,0.1908,3.84,173.7,0.01163,0.215
25.53,0.1914,3.72,150.3,0.01252,-0.163
22.96,0.2379,3.31,198.6,0.01999,0.295
24.19,0.2122,3.97,160.0,0.00977,-0.289
18.02,0.3276,3.57,168.9,0.01671,0.987
16.39,0.3564,2.72,171.3,0.0195,1.616
29.25,0.1176,3.67,155.3,0.00994,-0.831
30.22,0.0622,4.4,154.1,0.01529,-1.464
34.73,0.05,4.8,157.1,0.00489,-2.103
19.44,0.2988,3.23,150.6,0.01447,0.785
30.43,0.1676,4.41,153.2,0.01445,-0.939
38.45,0.05,4.57,194.2,0.01112,-1.952
23.04,0.2492,2.75,180.7,0.01265,0.524
9.46,0.528,2.1,208.8,0.03327,3.136
24.55,0.2396,3.62,182.7,0.01472,0.069
18.91,0.3213,3.06,202.6,0.01934,1.189
23.57,0.1805,3.21,139.4,0.01025,-0.102
23.89,0.2373,3.11,146.6,0.01337,0.439
18.62,0.2747,2.94,164.0,0.01815,0.951
26.02,0.1456,4.03,158.0,0.01424,-0.661
20.54,0.2329,3.83,163.7,0.01859,0.14
20.2,0.2287,3.78,162.2,0.00676,0.175
24.9,0.1443,3.72,168.3,0.01233,-0.439
15.34,0.2616,2.71,177.4,0.01473,1.185
22.53,0.2409,3.85,154.2,0.01933,0.108
28.48,0.1895,4.21,132.4,0.0106,-0.735
19.26,0.1958,3.42,156.5,0.01853,0.338
29.97,0.1693,3.49,156.8,0.01189,-0.552
23.91,0.1904,3.32,161.6,0.00982,-0.08
20.11,0.2534,3.6,148.1,0.00923,0.225
19.34,0.3259,3.15,170.7,0.02544,1.366
23.01,0.2686,3.57,153.7,0.01867,0.272
22.15,0.2101,3.66,163.1,0.01783,0.152
20.34,0.3503,3.25,158.7,0.01871,0.898
14.64,0.3094,2.86,168.9,0.02399,1.327
21.13,0.3001,3.5,152.1,0.01566,0.628
21.41,0.2651,3.69,162.8,0.01122,0.316
27.63,0.1175,4.34,152.0,0.00887,-0.944
29.09,0.2065,4.11,178.6,0.01225,-0.575
25.43,0.1683,3.79,171.1,0.00963,-0.443
26.56,0.1973,4.08,164.0,0.01333,-0.532
22.66,0.1971,3.78,153.0,0.01251,0.033
22.89,0.275,3.68,171.4,0.01332,0.358
21.63,0.2727,3.71,181.7,0.02126,0.361
24.3,0.1974,3.72,167.1,0.01189,-0.166
21.69,0.3209,3.14,194.9,0.01816,0.885
22.31,0.2068,3.83,172.7,0.01867,0.02
37.21,0.05,4.28,178.7,0.01592,-1.742
26.81,0.1054,3.79,167.0,0.01546,-0.629
25.77,0.2304,3.78,175.1,0.01108,-0.18
33.02,0.1547,4.42,153.0,0.01269,-1.233
21.66,0.2844,2.9,165.3,0.01284,0.872
15.18,0.4258,2.64,188.6,0.02574,2.142
16.24,0.2875,2.75,184.8,0.02257,1.329
27.25,0.1809,3.57,172.6,0.01207,-0.487
12.96,0.3575,3.06,199.4,0.02701,1.777
21.24,0.2303,3.73,145.4,0.00957,0.179
25.06,0.1897,3.78,150.4,0.0169,-0.423
29.85,0.1863,3.77,168.4,0.01471,-0.532
26.42,0.172,3.36,154.1,0.01179,-0.284
24.2,0.1867,4.24,215.7,0.01155,-0.467
22.44,0.2352,3.68,174.8,0.01481,0.094
21.89,0.199,3.3,165.8,0.01785,0.259
22.56,0.2158,3.81,157.3,0.01233,0.093
23.55,0.2579,3.34,163.0,0.01593,0.33
14.71,0.3325,2.86,179.7,0.02158,1.621
22.0,0.3162,3.21,178.1,0.02494,0.839
33.82,0.0745,4.19,158.1,0.01089,-1.462
40.23,0.05,4.9,160.9,0.01191,-2.34
17.94,0.3643,3.12,196.4,0.02386,1.415
31.22,0.05,4.2,185.8,0.01244,-1.44
22.37,0.1687,3.92,168.8,0.01541,-0.157
29.39,0.2142,4.8,144.9,0.00927,-1.161
34.9,0.05,4.36,173.1,0.01138,-1.878
23.61,0.22,2.8,194.8,0.02079,0.552
17.61,0.3253,2.58,194.7,0.01604,1.209
26.44,0.0793,3.87,176.0,0.01155,-0.919
37.95,0.05,4.83,186.3,0.01277,-2.152
24.21,0.2512,3.96,165.8,0.00903,-0.158
23.03,0.1974,3.42,179.1,0.01389,0.02
30.69,0.05,3.93,154.8,0.01234,-1.264
22.6,0.1784,2.95,171.6,0.01361,0.312
23.18,0.2544,3.7,184.9,0.01584,0.133
19.24,0.3229,3.32,163.1,0.02126,0.955
23.33,0.2115,3.41,153.5,0.01039,0.012
28.92,0.15,3.64,166.5,0.01233,-0.813
16.68,0.3953,3.08,176.0,0.0236,1.622
23.41,0.2756,4.07,174.7,0.01655,0.201
24.79,0.2074,3.7,158.2,0.01416,-0.034
32.44,0.05,3.86,190.8,0.01287,-1.425
26.72,0.1428,3.86,145.7,0.014,-0.684
30.86,0.1144,3.68,183.8,0.01402,-0.883
22.17,0.1923,4.01,153.5,0.00922,-0.163
14.9,0.3837,2.68,158.6,0.02627,1.91
29.35,0.1276,3.82,168.6,0.01638,-0.742
29.92,0.1096,4.4,161.2,0.01138,-1.121
14.43,0.3603,2.93,166.0,0.02416,1.626
27.54,0.243,3.62,139.8,0.01127,-0.164
29.58,0.1674,3.89,164.9,0.00506,-0.679
18.77,0.3266,2.66,192.1,0.02038,1.318
24.27,0.1957,4.1,173.8,0.01291,-0.435
13.56,0.4055,2.4,187.8,0.02507,2.131
20.87,0.3701,2.58,180.3,0.01396,1.247
27.03,0.1137,3.76,164.6,0.00936,-0.722
8.45,0.4151,2.71,169.4,0.03155,2.436
25.55,0.1544,3.82,143.7,0.01792,-0.363
19.79,0.3118,3.71,170.9,0.02208,0.694
23.43,0.3006,3.56,166.2,0.01036,0.197
12.45,0.3492,2.99,193.4,0.02498,1.776
15.09,0.3193,2.7,195.1,0.0225,1.561
24.11,0.2569,3.56,174.5,0.01051,0.184
29.84,0.1749,3.94,160.8,0.01061,-0.788
22.86,0.1883,3.26,149.8,0.0178,0.121
28.89,0.1521,4.13,171.2,0.01488,-0.763
11.33,0.3577,2.21,197.0,0.02781,2.375
19.43,0.2071,3.2,130.8,0.01285,0.431
25.22,0.1474,3.46,152.5,0.01339,-0.266
24.99,0.2708,4.11,156.9,0.01518,-0.06
34.2,0.09,4.5,166.8,0.01553,-1.675
30.76,0.0714,4.23,152.9,0.00815,-1.319
18.26,0.3752,2.62,178.8,0.02166,1.679
28.37,0.097,4.15,161.8,0.0088,-1.035
28.65,0.1285,4.14,162.6,0.01185,-0.943
20.79,0.2411,3.37,160.7,0.01561,0.5
20.82,0.3239,2.65,169.6,0.02135,1.28
18.16,0.3121,3.25,157.4,0.01535,1.096
21.75,0.3405,2.93,182.7,0.01551,1.088
27.52,0.1978,3.79,173.6,0.00572,-0.491
34.47,0.0745,4.6,153.4,0.01161,-1.843
12.93,0.3824,2.31,205.8,0.02272,2.145
26.95,0.1702,3.95,160.3,0.00997,-0.564
23.91,0.2022,3.94,188.0,0.01597,-0.109
13.86,0.3704,2.61,171.3,0.02005,1.958
21.38,0.2717,3.05,141.3,0.0207,0.758
23.51,0.1934,3.28,176.5,0.02052,0.36
10.4,0.4498,2.49,194.7,0.02347,2.364
24.54,0.1702,3.91,165.5,0.01228,-0.346
18.71,0.2856,3.22,166.5,0.01822,0.814
23.51,0.1743,4.1,165.2,0.00372,-0.664
23.62,0.3059,3.3,160.6,0.00981,0.472
17.49,0.3925,2.24,178.8,0.02655,1.856
21.09,0.2616,3.57,183.7,0.02212,0.513
24.75,0.2283,3.81,174.2,0.01901,0.0
18.55,0.2944,3.13,187.0,0.02155,1.107
25.31,0.2356,3.47,161.5,0.01194,-0.083
25.39,0.1416,4.02,159.9,0.01705,-0.462
29.22,0.0935,3.84,147.7,0.01844,-0.868
34.14,0.05,4.87,159.4,0.01024,-1.883
14.61,0.393,2.06,139.9,0.02245,2.145
30.99,0.1697,4.12,156.1,0.00571,-1.092
22.86,0.252,3.42,163.8,0.01597,0.251
25.87,0.1737,3.79,173.5,0.01186,-0.505
23.65,0.2256,3.32,164.7,0.01501,0.256
22.57,0.1968,3.2,180.0,0.01315,0.309
21.04,0.2468,3.13,142.6,0.01662,0.537
28.73,0.1081,3.62,164.1,0.01111,-0.745
25.04,0.2087,3.88,139.8,0.01262,-0.353
23.22,0.2352,3.43,150.3,0.01306,0.221
27.87,0.1413,3.44,162.2,0.00889,-0.497
12.49,0.3695,3.39,203.4,0.02251,1.498
20.6,0.2893,3.47,176.5,0.01955,0.662
18.41,0.3146,3.15,174.1,0.01861,1.114
21.11,0.2103,3.66,172.7,0.01914,-0.012
20.01,0.3322,3.51,168.4,0.01869,0.975
21.81,0.1828,3.46,159.0,0.00459,-0.035
26.35,0.1264,4.42,171.4,0.01043,-0.881
20.98,0.2913,3.08,149.0,0.0126,0.703
29.41,0.1189,3.91,173.9,0.01305,-1.034
27.98,0.1365,3.83,159.2,0.02186,-0.519
21.63,0.2602,3.33,184.4,0.01878,0.536
16.63,0.2537,3.02,194.3,0.03011,1.149
21.32,0.2356,3.76,140.2,0.01388,0.28
23.33,0.24,3.5,160.0,0.01258,0.241
12.97,0.429,2.3,172.6,0.02666,2.544
27.04,0.2001,3.19,140.7,0.01927,0.032
10.83,0.4554,2.01,180.7,0.0383,2.891
19.73,0.2163,3.2,208.4,0.0148,0.463
32.46,0.05,4.88,174.1,0.01276,-1.791
19.67,0.2481,2.84,202.8,0.01374,0.848
21.42,0.298,3.28,182.0,0.01752,0.601
19.14,0.321,3.18,169.3,0.02698,1.151
20.67,0.2923,3.14,167.4,0.0175,0.936
23.3,0.1909,3.81,173.8,0.01,-0.224
34.51,0.05,4.23,171.6,0.01308,-1.579
25.25,0.1924,3.79,156.3,0.01325,-0.225
30.22,0.1589,4.0,142.4,0.01224,-0.753
25.98,0.1136,4.12,214.3,0.01254,-0.865
21.49,0.3112,2.81,169.9,0.01619,0.899
15.44,0.353,2.57,180.2,0.02835,1.817
18.05,0.2401,3.47,171.4,0.01737,0.479
34.61,0.1216,4.42,161.4,0.00905,-1.526
24.14,0.2379,3.8,172.2,0.01253,0.002
16.62,0.3412,2.82,198.7,0.02081,1.606
25.15,0.1464,4.38,163.1,0.01421,-0.671
25.43,0.2118,3.48,147.6,0.01244,-0.013
24.09,0.1262,3.99,162.8,0.01019,-0.511
29.03,0.0683,4.28,158.0,0.01278,-1.33
20.82,0.3095,2.97,194.1,0.01619,0.915
25.68,0.2494,3.76,182.6,0.01464,0.178
24.59,0.2255,3.35,171.6,0.01636,0.157
30.02,0.1215,4.28,145.8,0.01105,-1.029
24.31,0.188,3.77,146.6,0.01269,-0.145
22.75,0.32,3.11,173.9,0.02172,0.749
29.33,0.1016,4.22,170.0,0.01029,-1.117
20.81,0.3573,2.62,180.1,0.02702,1.462
23.95,0.1667,4.07,157.8,0.01179,-0.41
23.25,0.2706,3.41,158.8,0.01508,0.333
14.71,0.4132,3.59,175.8,0.0175,1.402
32.91,0.069,4.18,129.3,0.01233,-1.496
32.59,0.05,4.38,148.5,0.01532,-1.575
36.24,0.0835,4.9,155.6,0.00919,-1.889
15.51,0.3991,2.77,198.3,0.01811,1.906
23.66,0.1691,4.38,152.8,0.00813,-0.494
8.99,0.4396,2.46,198.4,0.02895,2.719
23.15,0.2019,3.86,168.4,0.01379,-0.196
24.49,0.265,2.95,186.7,0.00926,0.378
11.39,0.3332,2.75,202.4,0.02344,1.854
13.02,0.4359,2.53,188.2,0.0299,2.311
8.51,0.466,2.82,182.6,0.02974,2.688
16.71,0.3881,3.41,169.5,0.02051,1.441
21.65,0.3197,2.83,173.7,0.02077,1.092
21.46,0.2649,3.51,165.6,0.01706,0.547
17.99,0.3469,3.4,182.6,0.01755,1.017
26.97,0.1165,4.23,171.3,0.01137,-0.843
28.54,0.1557,4.2,173.9,0.01871,-0.786
24.96,0.1649,3.02,183.9,0.01443,-0.068
22.2,0.2456,3.65,192.9,0.01944,0.355
27.68,0.1644,3.5,166.9,0.01051,-0.349
14.76,0.3404,3.16,189.8,0.01732,1.414
17.49,0.3352,3.37,171.2,0.01565,1.06
22.54,0.1799,3.64,183.8,0.01028,-0.096
17.14,0.4247,3.13,198.7,0.02953,1.783
30.32,0.1679,4.33,180.1,0.01043,-1.067
22.25,0.2359,3.32,166.4,0.01776,0.294
25.97,0.1179,3.24,155.0,0.00827,-0.452
34.66,0.05,4.67,144.1,0.00884,-1.921
24.3,0.2175,3.58,164.4,0.01098,-0.035
23.51,0.1797,3.37,188.0,0.01181,0.016
14.71,0.439,2.26,178.5,0.02688,2.327
21.92,0.2889,3.03,184.3,0.0184,0.82
28.6,0.05,4.1,177.7,0.01075,-1.266
13.63,0.419,2.78,183.0,0.02643,2.231
21.62,0.3282,2.99,199.4,0.02081,1.024
17.95,0.2752,3.76,128.4,0.01391,0.759
21.54,0.1826,3.41,146.7,0.00934,0.072
30.84,0.1563,4.39,151.3,0.01508,-1.034
24.69,0.2276,3.82,152.7,0.00652,-0.266
17.38,0.3402,3.21,183.1,0.02556,1.192
12.07,0.3949,2.43,192.0,0.02605,2.156
14.99,0.3727,3.07,189.4,0.02203,1.534
29.89,0.1719,3.96,173.9,0.01422,-0.674
31.76,0.0759,4.01,150.7,0.01646,-1.262
24.95,0.2572,3.52,148.4,0.01648,0.215
30.89,0.0616,4.5,170.9,0.01351,-1.388
19.92,0.3139,3.57,159.4,0.01785,0.749
19.13,0.2555,3.33,141.4,0.00685,0.672
24.94,0.146,3.85,179.6,0.01043,-0.601
34.68,0.0933,4.6,185.9,0.00927,-1.718
22.21,0.2333,3.33,194.5,0.01978,0.367
26.49,0.1946,4.3,167.8,0.01085,-0.524
30.39,0.0823,4.48,174.4,0.01454,-1.524
38.42,0.05,5.18,185.5,0.01361,-2.44
24.56,0.2285,3.68,155.4,0.00941,-0.084
15.78,0.2902,2.71,202.9,0.02442,1.531
11.63,0.3161,2.81,189.1,0.02917,1.827
27.11,0.1672,3.3,178.7,0.00967,-0.428
29.18,0.1631,3.84,167.8,0.01237,-0.768
20.59,0.2521,2.9,190.1,0.0134,0.826
30.89,0.057,4.53,168.4,0.01106,-1.611
27.97,0.2175,3.42,146.4,0.01428,-0.221
19.58,0.3123,3.12,196.0,0.01578,1.062
18.04,0.366,3.19,165.5,0.01893,1.362
23.07,0.2093,3.78,183.8,0.01286,0.046
25.48,0.2459,3.37,163.6,0.00947,0.003
29.75,0.1481,4.06,182.6,0.00957,-1.036
28.94,0.1074,3.95,182.0,0.00918,-0.98
23.21,0.1861,3.2,171.5,0.01177,0.113
22.39,0.2006,3.19,177.0,0.01777,0.323
21.9,0.307,3.04,182.3,0.02383,1.048
29.31,0.1842,4.01,134.8,0.00982,-0.845
17.71,0.3967,2.33,184.7,0.03039,2.062
25.02,0.249,4.09,148.3,0.00899,-0.301
25.62,0.2057,3.58,167.6,0.01525,-0.037
28.67,0.1991,4.02,147.9,0.00983,-0.647
35.43,0.05,5.05,147.2,0.00939,-2.206
19.77,0.3673,2.88,199.7,0.01684,1.24
17.96,0.2928,3.33,189.9,0.01774,0.782
24.28,0.2202,3.64,164.9,0.01374,-0.008
24.01,0.2857,3.29,168.6,0.01455,0.391
21.76,0.2639,3.49,167.5,0.0133,0.46
30.22,0.0725,4.91,173.5,0.00903,-1.602
29.02,0.2186,4.11,154.9,0.00925,-0.462
20.78,0.2941,3.44,189.4,0.01802,0.709
29.49,0.05,4.13,161.2,0.01137,-1.274
19.31,0.3351,2.96,162.2,0.0115,1.177
31.17,0.0656,4.79,165.3,0.01281,-1.685
20.54,0.273,3.96,161.7,0.02252,0.318
24.42,0.2627,4.08,169.9,0.01049,-0.074
32.16,0.05,4.39,156.9,0.0107,-1.724
13.58,0.2962,2.61,186.0,0.023,1.793
27.26,0.1567,3.68,183.2,0.01032,-0.421
27.85,0.0673,3.54,154.2,0.01401,-0.656
24.16,0.2285,3.46,165.4,0.01145,0.087
16.29,0.3447,3.45,185.7,0.02669,1.347
32.94,0.1076,4.12,158.5,0.01303,-1.297
19.84,0.1644,3.66,172.7,0.01063,0.056
24.26,0.3266,3.78,178.5,0.01366,0.278
19.74,0.2935,3.1,189.6,0.016,0.665
24.75,0.2949,4.11,158.0,0.01753,0.053
26.18,0.1729,4.4,150.9,0.00819,-0.873
30.83,0.102,4.02,160.4,0.01,-1.031
22.75,0.2394,3.38,151.5,0.011,0.391
27.7,0.1042,4.4,173.5,0.01195,-1.198
42.91,0.05,5.1,147.6,0.01119,-2.5
21.37,0.3224,3.01,205.2,0.01102,0.926
19.47,0.2855,3.49,195.3,0.01803,0.579
39.47,0.05,5.26,165.2,0.0117,-2.49
27.49,0.1722,4.2,178.0,0.01012,-0.771
21.79,0.2617,2.88,147.9,0.01901,0.808
11.5,0.4014,2.1,227.5,0.03122,2.429
23.62,0.1515,3.62,156.4,0.01193,-0.282
28.15,0.2168,3.85,163.2,0.01269,-0.436
22.01,0.1501,3.6,137.2,0.00552,-0.225
14.88,0.3598,3.15,188.8,0.02174,1.501
30.25,0.1919,4.18,148.4,0.01501,-0.775
30.17,0.1569,4.45,166.5,0.01073,-1.081
26.53,0.1693,3.57,156.8,0.00979,-0.23
29.73,0.0566,4.02,148.8,0.01883,-1.173
22.74,0.1999,3.76,154.4,0.01844,-0.064
17.78,0.39,2.84,187.9,0.0264,1.718
21.82,0.2208,3.88,149.7,0.018,0.092
25.85,0.2029,3.86,153.8,0.00532,-0.523
27.9,0.2181,4.31,174.9,0.00964,-0.438
31.04,0.1022,4.62,204.0,0.01059,-1.457
22.26,0.2593,3.43,182.8,0.01836,0.417
21.37,0.3001,3.55,151.2,0.01053,0.519
28.25,0.2327,3.7,159.5,0.00435,-0.241
5.69,0.5392,2.12,203.8,0.0387,3.446
21.87,0.2935,3.92,163.3,0.01602,0.381
24.35,0.2394,4.23,178.5,0.01681,0.011
25.44,0.1198,3.81,168.3,0.00964,-0.633
15.6,0.3258,3.38,192.4,0.01858,1.078
22.16,0.1362,2.88,161.6,0.00487,-0.064
31.64,0.0839,3.96,184.9,0.01112,-1.22
20.86,0.3265,3.3,173.5,0.02206,1.041
28.09,0.1516,3.97,150.4,0.01016,-0.771
14.31,0.3811,2.75,220.1,0.03342,2.066
15.87,0.246,3.03,150.6,0.01987,0.891
24.7,0.1902,4.02,153.9,0.01244,-0.468
20.55,0.4063,2.65,171.0,0.01816,1.487
22.16,0.2031,3.73,203.4,0.0134,0.122
22.62,0.3229,3.43,202.3,0.01288,0.616
20.85,0.2057,3.7,193.2,0.01796,0.208
28.66,0.1537,4.67,160.0,0.01417,-1.006
29.68,0.1399,4.03,201.4,0.01608,-0.742
20.88,0.2925,3.12,182.9,0.01718,0.752
25.62,0.1561,3.33,179.7,0.01248,-0.185
25.44,0.1639,3.66,167.7,0.01369,-0.397
29.14,0.1398,4.07,164.3,0.01333,-0.698
22.35,0.2099,3.68,166.3,0.01279,-0.027
14.44,0.4104,2.28,186.6,0.02132,2.076
29.88,0.1116,4.43,174.1,0.01304,-1.145
25.1,0.1785,3.59,170.8,0.01174,-0.236
19.51,0.4331,2.77,181.5,0.0216,1.728
25.2,0.1779,3.72,187.6,0.01429,-0.255
22.14,0.2385,3.23,125.9,0.01548,0.328
26.81,0.0746,4.06,172.6,0.00804,-0.926
16.38,0.3348,2.85,180.9,0.00963,1.342
25.81,0.2234,3.63,182.2,0.00861,-0.056
18.39,0.2811,2.91,175.9,0.02706,1.109
16.44,0.383,2.79,182.4,0.02367,1.741
10.24,0.487,2.3,210.9,0.03328,2.922
20.69,0.2883,3.48,194.3,0.01609,0.704
24.46,0.2388,3.49,164.4,0.01386,0.22
23.1,0.2095,3.79,171.3,0.01706,0.017
24.45,0.1982,3.97,190.2,0.01053,-0.43
24.12,0.232,3.33,137.2,0.01644,0.377
25.19,0.2631,3.62,154.6,0.01095,0.123
24.13,0.1861,3.6,189.0,0.01917,-0.092
15.8,0.4132,3.05,197.2,0.02477,1.809
28.24,0.1149,4.57,172.8,0.01574,-1.218
17.9,0.346,3.33,171.9,0.01937,1.235
16.78,0.385,2.71,167.6,0.02571,1.644
25.61,0.183,3.63,156.1,0.01106,-0.305
35.13,0.05,4.97,188.2,0.01233,-2.02
23.67,0.0509,4.25,155.6,0.01691,-0.83
16.0,0.3209,3.17,182.1,0.01925,1.246
25.71,0.1808,3.59,153.7,0.01261,-0.211
28.9,0.0699,3.77,177.6,0.01331,-1.004
26.28,0.1609,3.58,156.9,0.01356,-0.363
21.35,0.3195,3.22,173.6,0.01737,0.847
19.57,0.3028,3.4,146.3,0.02263,0.864
22.23,0.2057,3.4,140.8,0.00812,-0.05
25.7,0.1567,3.82,165.1,0.01638,-0.467
25.19,0.1956,4.0,145.1,0.01565,-0.288
27.14,0.1327,3.76,196.6,0.0177,-0.574
14.76,0.419,3.04,153.5,0.02016,1.786
26.76,0.2188,3.66,153.0,0.00939,-0.274
17.29,0.3429,3.31,179.9,0.02621,1.22
16.25,0.3362,2.6,177.8,0.01854,1.493
22.14,0.2937,2.74,160.4,0.01517,0.841
25.69,0.1548,3.7,150.6,0.01054,-0.448
22.34,0.2478,3.35,155.0,0.01581,0.425
23.11,0.2283,3.5,160.7,0.01678,0.195
27.28,0.1582,4.03,194.3,0.01144,-0.755
21.05,0.2504,3.52,170.1,0.01277,0.251
29.53,0.1027,4.2,182.7,0.01293,-0.894
18.19,0.3445,2.93,186.9,0.02291,1.272
31.25,0.1529,3.34,181.7,0.01332,-0.648
21.46,0.2031,3.61,125.4,0.01308,0.145
21.61,0.1781,3.42,163.8,0.0084,0.034
25.3,0.1663,4.23,184.6,0.00925,-0.592
21.56,0.2976,3.0,163.5,0.02095,0.855
27.14,0.1444,3.32,191.4,0.01256,-0.362
21.78,0.2976,3.31,197.7,0.018,0.696
26.55,0.1041,4.44,158.0,0.01535,-1.008
18.53,0.2535,3.23,159.0,0.00962,0.642
12.34,0.3707,2.07,173.1,0.02684,2.375
31.7,0.1598,4.61,155.6,0.01241,-1.198
24.6,0.1973,4.4,146.5,0.01068,-0.517
15.16,0.2262,2.57,177.6,0.01641,1.208
24.15,0.205,3.36,145.3,0.01287,0.125
22.56,0.3027,3.91,178.3,0.01061,0.406
19.13,0.263,3.19,180.3,0.01646,0.604
18.54,0.1947,3.1,147.7,0.01309,0.556
15.96,0.275,2.9,201.6,0.02137,1.247
21.97,0.251,3.04,177.6,0.0194,0.555
24.07,0.1494,3.22,176.2,0.01116,-0.122
21.29,0.2707,3.55,161.7,0.01387,0.522
7.84,0.4113,2.0,197.1,0.02682,2.714
23.02,0.2652,3.75,181.9,0.0095,0.184
27.11,0.1109,4.4,163.5,0.01378,-0.924
17.4,0.3736,2.56,208.3,0.02041,1.58
23.59,0.2651,3.39,165.7,0.01713,0.377
37.55,0.0601,5.16,182.1,0.01549,-2.166
15.62,0.3161,3.29,179.6,0.01832,1.107
27.04,0.0879,3.71,173.8,0.01415,-0.836
25.61,0.2294,4.01,139.9,0.01082,-0.278
25.89,0.2951,3.78,174.5,0.01476,0.219
21.99,0.2358,3.58,156.3,0.01244,0.263
20.75,0.3607,2.94,160.8,0.01997,1.149
22.79,0.2108,3.72,191.2,0.0163,0.103
16.39,0.294,3.4,168.0,0.0185,0.915
27.12,0.2375,3.69,150.0,0.01477,-0.251
19.93,0.3072,3.48,168.5,0.02068,0.783
22.97,0.1818,2.8,152.9,0.01858,0.456
26.4,0.1065,3.67,186.5,0.00858,-0.658
19.07,0.3765,3.06,167.6,0.02579,1.425
30.69,0.1341,3.75,172.9,0.01741,-0.805
20.4,0.2919,2.97,195.0,0.01776,0.874
22.53,0.2149,2.87,161.9,0.01383,0.441
13.91,0.4752,2.59,195.0,0.02854,2.334
22.09,0.2649,3.71,149.5,0.01365,0.259
28.63,0.1497,3.99,201.7,0.01139,-0.793
22.89,0.2239,3.63,179.0,0.00825,-0.091
26.68,0.1625,3.73,162.1,0.01292,-0.523
16.47,0.3246,3.51,163.0,0.02005,1.111
30.53,0.0788,4.1,163.3,0.01418,-1.201
32.67,0.1471,4.34,159.9,0.01305,-1.203
29.18,0.1265,3.69,194.3,0.01119,-0.846
21.68,0.4324,2.83,158.0,0.02258,1.677
14.44,0.3499,2.3,187.5,0.02588,1.889
20.89,0.1411,3.89,164.7,0.01061,-0.267
26.71,0.1874,3.67,163.2,0.01146,-0.39
22.43,0.1643,3.56,164.2,0.00732,-0.182
19.01,0.2765,2.63,177.2,0.02075,1.164
29.15,0.0872,4.02,178.1,0.01407,-1.155
19.6,0.2069,3.24,177.0,0.01493,0.432
18.97,0.2793,3.18,183.0,0.02436,1.042
25.64,0.2908,3.03,125.5,0.01522,0.643
23.94,0.2187,3.89,171.8,0.01498,-0.101
18.38,0.3129,2.55,152.2,0.02239,1.386
41.02,0.05,4.84,174.7,0.01903,-2.08
20.69,0.2571,3.73,195.3,0.01786,0.486
28.02,0.144,3.83,151.1,0.00887,-0.775
31.89,0.0516,4.21,161.1,0.01454,-1.499
21.66,0.1935,3.38,162.1,0.02169,0.357
18.52,0.262,2.7,200.0,0.02202,1.003
23.08,0.2201,3.42,166.4,0.01452,0.263
21.61,0.335,2.75,202.4,0.02331,1.219
14.95,0.4638,3.54,190.6,0.02795,1.906
14.99,0.3578,2.8,184.4,0.0229,1.658
16.98,0.4168,2.12,185.7,0.02302,2.061
19.34,0.2864,3.64,186.2,0.01769,0.759
25.1,0.2394,3.74,139.8,0.01398,-0.043
32.23,0.1265,4.25,166.3,0.01472,-1.204
25.23,0.1104,3.46,163.9,0.013,-0.464
29.62,0.1522,4.27,175.9,0.01086,-0.947
12.64,0.5225,2.33,188.2,0.03103,2.773
20.98,0.2137,3.12,149.4,0.01458,0.378
21.08,0.2983,4.07,166.6,0.01412,0.284
22.83,0.25,3.17,155.4,0.0139,0.494
23.5,0.2231,4.02,136.6,0.0118,-0.222
13.63,0.3908,3.05,196.2,0.0284,1.733
24.71,0.069,3.64,173.7,0.00785,-0.918
20.77,0.1927,3.8,174.3,0.00728,-0.19
24.04,0.1019,3.81,184.5,0.01652,-0.419
31.06,0.1209,3.77,155.0,0.01353,-0.917
26.17,0.1937,3.81,143.5,0.01382,-0.276
22.27,0.2293,3.74,163.9,0.00877,0.08
26.22,0.21,3.7,159.8,0.01421,-0.19
28.54,0.1442,3.89,152.4,0.01283,-0.732
35.92,0.1274,4.72,163.8,0.00725,-1.643
21.43,0.212,3.68,155.8,0.01627,0.17
34.59,0.0718,4.17,137.5,0.01248,-1.439
21.77,0.2854,3.39,167.5,0.01689,0.634
21.99,0.2556,3.61,148.9,0.01153,0.215
32.42,0.0574,3.65,168.5,0.00595,-1.37
24.79,0.2281,3.9,155.2,0.01378,-0.183
28.51,0.0995,4.13,181.7,0.01279,-0.925
25.26,0.208,3.43,192.9,0.01397,-0.057
17.84,0.3815,3.13,191.3,0.02656,1.439
35.33,0.05,4.43,141.7,0.00785,-1.849
22.51,0.2133,3.64,189.0,0.01113,0.029
21.91,0.2396,3.22,188.6,0.00945,0.374
19.89,0.2628,3.35,173.3,0.01653,0.773
25.24,0.2333,4.07,187.4,0.01391,-0.134
25.08,0.2008,3.72,156.7,0.01329,-0.18
23.64,0.2497,3.55,137.0,0.01096,0.043
28.63,0.2033,3.82,153.6,0.00937,-0.547
16.11,0.3163,3.05,203.9,0.02567,1.42
22.3,0.2714,3.27,142.9,0.01941,0.492
12.7,0.3722,2.68,187.8,0.02764,2.182
21.6,0.1777,3.89,165.5,0.00973,-0.189
25.95,0.0551,4.15,157.3,0.01643,-0.996
33.73,0.1355,3.9,158.3,0.00766,-1.23
31.3,0.05,4.89,166.1,0.011,-1.741
29.52,0.0565,4.75,156.6,0.00991,-1.685
21.27,0.2103,3.7,146.9,0.01066,0.24
22.67,0.2987,3.43,174.3,0.01523,0.646
32.3,0.05,4.54,181.1,0.00941,-1.628
18.15,0.2573,3.42,188.8,0.0192,0.609
26.75,0.1894,4.44,152.9,0.01208,-0.669
19.7,0.1773,3.23,148.0,0.01131,0.347
16.12,0.3477,3.04,180.1,0.02379,1.518
19.83,0.2254,3.08,199.3,0.01848,0.541
24.66,0.1362,3.71,174.7,0.01443,-0.459
30.91,0.138,3.63,175.6,0.01155,-0.84
33.58,0.05,4.7,178.3,0.01447,-1.834
30.21,0.0888,3.7,171.3,0.01376,-0.841
25.47,0.1988,3.58,166.8,0.01371,-0.3
28.76,0.0995,3.81,174.9,0.01616,-0.791
24.68,0.2866,3.54,156.8,0.00864,0.111
23.36,0.301,3.44,144.7,0.0112,0.367
27.68,0.1628,3.75,175.8,0.01729,-0.625
25.42,0.1773,3.47,183.6,0.01123,-0.268
21.55,0.2668,3.07,150.3,0.0049,0.606
23.64,0.2403,3.47,182.6,0.01493,0.234
28.81,0.0511,3.96,190.2,0.0124,-1.269
18.04,0.3606,3.15,181.9,0.01544,1.309
27.94,0.2032,3.72,152.7,0.016,-0.218
23.09,0.2045,3.77,167.1,0.01001,-0.107
21.47,0.3085,3.63,165.2,0.01865,0.78
20.41,0.2133,3.38,158.5,0.01319,0.384
20.27,0.2692,2.9,182.9,0.01576,0.872
22.82,0.2531,3.7,144.4,0.01109,0.089
28.31,0.1742,4.09,143.3,0.00919,-0.681
20.72,0.2091,3.34,169.6,0.01815,0.388
26.97,0.1428,4.65,164.7,0.01156,-0.954
24.41,0.16,3.48,171.5,0.0113,-0.287
20.06,0.1936,3.63,193.1,0.0092,0.095
24.51,0.1889,3.72,166.6,0.01559,-0.23
26.59,0.1817,3.39,174.0,0.01639,-0.336
34.73,0.05,4.66,150.4,0.01555,-1.745
30.91,0.24,4.32,176.5,0.01348,-0.782
25.54,0.1952,3.68,158.2,0.01361,-0.207
21.81,0.3336,3.52,168.0,0.00963,0.643
29.71,0.1347,4.12,163.4,0.01126,-0.941
16.94,0.3503,3.0,195.7,0.02007,1.366
25.6,0.1524,4.3,145.4,0.00652,-0.765
16.79,0.4181,3.25,142.4,0.02293,1.652
20.53,0.223,3.27,166.9,0.01333,0.464
23.48,0.1106,4.05,172.0,0.01559,-0.44
14.33,0.3673,2.77,188.6,0.02885,1.884
30.07,0.1019,3.95,183.5,0.01367,-1.013
15.6,0.2429,3.14,182.6,0.02119,0.903
19.31,0.321,2.4,168.5,0.01816,1.395
29.12,0.2207,4.11,130.1,0.01757,-0.419
16.8,0.3653,3.03,178.1,0.02327,1.48
24.73,0.1833,3.96,180.4,0.01291,-0.308
23.6,0.2241,3.32,162.6,0.01236,0.151
23.93,0.282,3.55,168.5,0.01129,0.331
25.35,0.1735,4.1,171.3,0.01343,-0.415
17.89,0.3749,3.58,159.5,0.01914,1.228
20.19,0.3767,3.15,183.9,0.01598,1.172
36.01,0.0554,4.6,189.6,0.00768,-2.059
15.63,0.35,3.22,178.1,0.01862,1.303
37.34,0.095,4.06,148.1,0.01559,-1.484
17.27,0.367,2.94,176.4,0.01842,1.64
17.87,0.3004,3.38,145.2,0.02,0.92
28.66,0.0898,4.49,170.1,0.01635,-1.147
26.71,0.126,3.94,171.8,0.00863,-0.815
26.6,0.1258,3.76,190.1,0.00982,-0.743
24.09,0.2252,3.7,162.1,0.00969,-0.12
23.51,0.1352,3.59,171.1,0.01685,-0.415
19.98,0.2798,3.27,161.4,0.02422,0.948
18.78,0.2971,2.64,175.4,0.02474,1.107
17.62,0.3236,2.52,158.9,0.02552,1.512
22.35,0.1858,3.29,162.1,0.01026,-0.018
29.23,0.1697,4.08,160.4,0.01784,-0.746
33.85,0.05,4.41,169.5,0.0128,-1.585
26.88,0.0743,4.09,155.6,0.01456,-0.964
19.01,0.324,3.07,177.8,0.0194,1.03
15.47,0.3798,2.39,179.4,0.02412,1.898
29.46,0.0674,3.9,160.0,0.01699,-1.111
27.65,0.1532,3.62,166.2,0.01362,-0.503
22.93,0.2246,3.4,165.6,0.01635,0.258
21.65,0.2154,3.56,179.8,0.01501,0.347
27.08,0.08,3.81,163.2,0.00945,-1.069
18.8,0.3346,3.89,164.8,0.01364,0.702
26.9,0.1473,4.17,162.3,0.01231,-0.769
25.25,0.2147,3.85,154.3,0.01012,-0.168
22.03,0.3151,3.26,166.2,0.01305,0.722
25.6,0.3618,4.05,195.5,0.01566,0.391
27.05,0.1266,3.77,151.3,0.01037,-0.663
23.54,0.227,3.65,160.8,0.01241,-0.033
26.17,0.1829,3.7,159.2,0.01289,-0.229
23.32,0.1614,4.01,161.3,0.01024,-0.353
23.62,0.1653,3.93,160.0,0.01635,-0.219
13.28,0.3348,2.58,188.4,0.02144,1.872
23.08,0.2744,3.13,146.1,0.01727,0.613
27.51,0.1315,3.95,180.6,0.01274,-0.627
21.14,0.3276,3.43,182.9,0.01741,0.822
27.98,0.1888,3.67,146.4,0.00811,-0.49
15.79,0.3542,2.48,145.0,0.024,1.775
22.66,0.2383,3.33,154.8,0.01719,0.359
24.34,0.1946,3.85,161.4,0.00997,-0.312
23.23,0.2763,3.9,209.1,0.0177,0.367
32.41,0.05,4.1,173.1,0.01312,-1.438
29.43,0.093,4.09,137.9,0.00816,-1.152
31.65,0.0662,4.14,154.7,0.00944,-1.385
24.97,0.1987,3.93,165.9,0.01656,0.007
13.13,0.3089,2.64,189.6,0.02679,1.634
11.61,0.4967,2.1,172.1,0.02816,2.807
18.37,0.2563,3.42,170.6,0.01453,0.521
16.25,0.3166,3.2,160.2,0.01446,1.098
34.31,0.0826,4.22,148.4,0.01067,-1.516
28.2,0.1143,3.63,168.9,0.00946,-0.801
28.86,0.0977,4.55,176.6,0.00677,-1.378
23.52,0.2603,4.06,177.6,0.01542,0.055
24.22,0.2732,3.72,173.6,0.01491,0.156
22.16,0.1715,3.78,157.5,0.00818,-0.203
37.63,0.05,4.78,175.7,0.01241,-2.02
17.71,0.2696,3.27,178.6,0.01528,0.86
32.41,0.13,4.28,167.0,0.01122,-1.162
24.58,0.2152,3.5,158.7,0.01288,0.088
10.79,0.3461,2.72,182.4,0.02731,2.023
26.79,0.0752,4.11,166.1,0.01801,-0.941
38.62,0.05,4.7,201.6,0.01068,-2.225
23.88,0.1462,3.57,169.5,0.00958,-0.358
18.15,0.3274,2.4,169.0,0.01852,1.424
12.26,0.3728,3.13,176.0,0.0308,1.943
27.2,0.0658,4.54,157.6,0.00704,-1.323
16.81,0.3038,3.08,203.6,0.01369,1.128
27.01,0.1834,3.77,159.0,0.01634,-0.451
23.46,0.209,3.47,178.6,0.01273,0.174
8.35,0.5196,2.61,191.1,0.03373,2.997
33.66,0.0889,4.0,168.9,0.0184,-1.339
24.95,0.3032,3.49,179.9,0.01477,0.343
20.88,0.2484,3.31,162.0,0.01362,0.672
17.35,0.3114,3.25,168.4,0.01984,1.053
24.46,0.1778,3.51,191.1,0.00938,-0.233
19.59,0.2336,2.9,183.5,0.01823,0.733
26.6,0.2194,3.74,176.9,0.01372,-0.218
23.62,0.2989,3.16,180.0,0.01753,0.576
27.25,0.2241,3.81,171.9,0.01564,-0.22
16.71,0.2104,3.69,202.7,0.01573,0.526
24.51,0.2264,3.28,165.7,0.00917,0.122
20.17,0.1842,3.15,178.2,0.01486,0.251
24.36,0.253,3.45,143.2,0.00938,0.117
18.77,0.3179,2.87,166.1,0.0215,1.176
27.28,0.243,3.85,147.0,0.0154,-0.171
32.76,0.05,4.52,184.1,0.0115,-1.592
16.06,0.393,3.03,141.9,0.02255,1.637
31.28,0.0708,3.91,159.0,0.01172,-1.242
28.19,0.1279,4.03,120.1,0.01441,-0.67
29.81,0.1205,4.16,152.5,0.01,-1.003
17.02,0.2873,2.62,174.1,0.01641,1.282
33.43,0.05,5.01,185.8,0.01341,-1.777
5.0,0.606,1.89,208.6,0.04007,4.0
15.09,0.4323,3.33,165.2,0.02179,1.568
24.1,0.2462,3.42,183.7,0.01187,0.252
26.68,0.2592,3.74,165.3,0.00859,-0.25
26.13,0.2578,3.43,169.0,0.01577,0.193
22.82,0.2921,3.28,153.2,0.01659,0.453
22.78,0.2708,3.32,157.9,0.01678,0.452
19.78,0.2834,3.46,159.3,0.02191,0.72
21.19,0.2505,3.18,166.8,0.00988,0.406
26.79,0.1771,4.14,166.2,0.01733,-0.55
25.67,0.2018,3.13,188.2,0.0121,0.117
25.29,0.1982,3.5,170.8,0.00649,-0.269
18.54,0.3664,2.95,138.0,0.02053,1.43
21.38,0.2367,3.4,176.1,0.01963,0.366
42.74,0.05,5.69,143.2,0.0109,-2.5
22.98,0.3621,2.68,158.4,0.01282,1.117
24.02,0.286,3.34,155.2,0.01306,0.33
25.79,0.2721,2.97,155.0,0.00943,0.246
27.16,0.1821,3.82,144.4,0.01348,-0.4
16.9,0.3453,3.06,181.5,0.02331,1.482
20.3,0.3548,3.56,155.2,0.01641,0.881
25.46,0.2051,4.06,170.4,0.00988,-0.434
23.87,0.1826,3.69,203.4,0.01753,-0.094
26.96,0.0702,4.31,145.1,0.00942,-1.174
32.16,0.1344,4.23,160.7,0.00875,-1.194
25.76,0.1463,3.52,127.1,0.00846,-0.641
20.36,0.2794,3.21,170.8,0.01996,0.693
18.69,0.2651,2.63,186.1,0.02055,1.03
17.99,0.2491,3.71,182.0,0.01405,0.499
20.85,0.2364,3.15,174.9,0.01782,0.575
20.01,0.3553,3.67,184.5,0.02071,0.97
29.29,0.155,3.81,203.2,0.00908,-0.728
21.63,0.2609,3.44,195.9,0.0096,0.254
20.39,0.3236,3.22,166.8,0.01977,1.069
17.94,0.3339,3.17,152.3,0.0177,1.246
16.28,0.3767,2.82,173.2,0.01938,1.516
19.19,0.3338,3.33,159.3,0.01962,1.049
23.78,0.2299,3.13,176.0,0.01733,0.302
21.47,0.3151,2.65,160.1,0.01394,1.033
22.54,0.2481,3.99,163.9,0.01004,0.09
31.0,0.1107,4.3,177.6,0.01895,-0.95
20.56,0.2035,3.71,163.5,0.01375,0.186
25.71,0.1615,4.51,150.8,0.01403,-0.714
25.8,0.1839,3.89,182.6,0.01552,-0.373
22.09,0.1344,4.08,136.8,0.01205,-0.439
25.19,0.1693,4.09,160.1,0.01439,-0.366
26.52,0.1799,3.46,164.4,0.01415,-0.237
33.99,0.0589,5.2,165.2,0.01362,-2.084
23.59,0.2724,3.78,170.3,0.01274,0.046
25.37,0.2844,3.56,174.2,0.01253,0.249
29.03,0.1924,4.27,164.5,0.01023,-0.746
21.69,0.3398,3.12,167.4,0.01731,0.898
18.7,0.3715,3.33,170.1,0.016,1.237
30.47,0.0709,3.77,155.8,0.00963,-1.183
30.31,0.145,3.71,176.8,0.01115,-0.792
27.05,0.178,4.32,155.3,0.00917,-0.74
27.3,0.1553,4.04,177.7,0.01048,-0.733
19.08,0.2906,3.21,175.2,0.01814,0.9
23.24,0.2168,3.3,157.2,0.01321,0.28
24.62,0.1921,4.3,174.3,0.01485,-0.523
35.71,0.05,5.06,154.1,0.01061,-2.104
21.2,0.3352,3.19,182.2,0.02109,0.998
29.02,0.0983,4.16,168.2,0.01482,-1.031
22.69,0.3079,3.88,156.8,0.01399,0.427
24.62,0.1827,4.04,176.3,0.01468,-0.353
17.51,0.3338,3.14,189.5,0.02384,1.317
35.35,0.0904,4.97,182.4,0.01556,-1.779
42.97,0.05,4.98,179.5,0.01567,-2.5
25.28,0.2544,3.25,174.6,0.01748,0.327
11.32,0.4125,2.25,169.7,0.02653,2.425
18.71,0.2988,3.05,216.6,0.02358,1.08
22.74,0.1947,3.54,146.5,0.01771,0.062
25.6,0.1837,3.82,179.2,0.01013,-0.347
19.9,0.2461,3.4,181.2,0.0175,0.551
31.24,0.1014,4.51,147.4,0.01205,-1.338
22.38,0.2877,2.88,168.9,0.01851,0.811
19.46,0.2313,3.14,169.9,0.01879,0.517
19.65,0.3902,3.26,197.3,0.01979,1.264
7.55,0.5449,1.94,187.4,0.02955,3.434
22.28,0.1964,3.14,165.8,0.01588,0.295
26.19,0.1318,4.19,130.0,0.00925,-0.865
23.7,0.126,3.23,191.0,0.00753,-0.369
35.26,0.05,4.48,148.9,0.00821,-1.839
25.74,0.1812,4.08,169.9,0.01298,-0.499
30.14,0.1625,3.65,163.5,0.01608,-0.581
23.24,0.186,4.12,163.5,0.01212,-0.353
21.97,0.1743,3.35,179.0,0.01385,0.081
29.26,0.1697,4.47,190.1,0.01555,-0.927
19.0,0.3099,2.95,182.2,0.01633,0.981
23.8,0.2205,3.8,174.8,0.01356,-0.015
23.94,0.2154,3.83,169.9,0.01197,-0.168
26.62,0.1363,3.59,180.3,0.0137,-0.476
22.68,0.1894,2.9,159.9,0.01179,0.304
22.25,0.3412,3.25,191.0,0.01615,0.793
30.45,0.1492,4.1,181.7,0.01242,-1.024
29.37,0.1962,4.13,181.2,0.01695,-0.413
23.74,0.2026,3.7,155.1,0.01458,-0.105
31.24,0.0911,4.21,162.5,0.01048,-1.253
27.9,0.069,4.65,168.6,0.00798,-1.266
24.61,0.1616,3.42,144.4,0.00695,-0.215
19.91,0.3063,3.34,199.4,0.02294,0.881
21.48,0.3244,3.28,168.0,0.01124,0.726
24.25,0.2668,3.39,171.6,0.01257,0.217
17.18,0.3665,3.04,166.6,0.02277,1.538
28.19,0.2302,3.43,145.1,0.00716,-0.176
20.06,0.2306,3.56,160.6,0.0196,0.388
25.01,0.2144,4.07,168.3,0.01124,-0.398
24.12,0.256,3.6,178.3,0.01068,0.02
26.06,0.1242,3.95,167.4,0.01126,-0.626
39.12,0.05,4.65,170.2,0.00983,-2.174
22.28,0.1983,3.83,159.9,0.01332,-0.049
19.08,0.4265,3.46,189.5,0.02144,1.318
18.93,0.2294,2.98,198.4,0.01367,0.553
17.5,0.3648,2.96,187.2,0.01906,1.497
16.6,0.3061,2.75,192.0,0.01782,1.309
25.13,0.174,3.4,170.5,0.01332,-0.084
21.75,0.2869,2.67,144.8,0.01002,0.788
25.9,0.1875,4.06,149.3,0.01054,-0.508
25.3,0.2386,3.52,171.8,0.01255,0.097
18.26,0.3136,2.78,172.2,0.01629,1.255
21.02,0.4228,3.16,186.0,0.02238,1.459
23.63,0.2284,3.35,190.1,0.01404,0.178
28.14,0.1687,3.75,175.9,0.00853,-0.548
24.42,0.2338,4.04,183.9,0.01181,-0.083
18.72,0.3299,2.85,173.6,0.00682,1.054
31.93,0.05,3.93,152.9,0.01274,-1.401
38.2,0.05,4.94,164.1,0.0111,-2.134
26.65,0.1526,4.25,152.9,0.00905,-0.843
33.1,0.05,3.8,188.4,0.01295,-1.319
28.84,0.1747,4.0,176.9,0.01552,-0.633
26.65,0.1298,3.86,172.8,0.01057,-0.833
25.57,0.1768,3.23,183.5,0.00917,-0.066
13.85,0.3999,3.04,152.1,0.02411,1.617
20.98,0.2336,3.68,177.7,0.01061,0.032
22.74,0.3171,3.34,148.9,0.01242,0.654
21.67,0.2238,3.63,172.4,0.02064,0.321
25.92,0.1538,4.57,160.3,0.01219,-0.888
18.27,0.3509,3.06,187.4,0.01467,1.212
24.73,0.1438,3.51,168.4,0.00661,-0.608
19.76,0.3955,2.94,193.2,0.01785,1.452
32.48,0.1103,4.18,156.0,0.01459,-1.204
33.39,0.05,4.63,175.6,0.00715,-1.854
22.12,0.2455,3.05,177.2,0.01989,0.595
21.5,0.2488,2.73,145.0,0.019,0.819
30.84,0.1247,4.48,151.2,0.01766,-1.151
32.05,0.1371,4.14,162.8,0.01299,-1.239
20.43,0.3206,2.87,195.2,0.02252,1.316
28.36,0.1264,4.51,172.0,0.0056,-1.085
14.46,0.3688,3.15,167.2,0.03144,1.624
28.26,0.0525,3.25,162.9,0.01027,-0.871
21.47,0.2779,3.38,202.9,0.01431,0.52
27.18,0.0924,3.35,166.7,0.01123,-0.551
19.0,0.2945,3.42,167.3,0.02136,0.681
27.13,0.1264,3.94,172.4,0.01862,-0.686
20.86,0.2103,3.88,176.5,0.01238,-0.103
26.66,0.2767,3.43,158.6,0.01532,0.174
28.49,0.0818,3.59,172.5,0.01213,-0.897
20.04,0.3365,3.06,169.0,0.01481,1.037
26.2,0.1513,4.0,175.8,0.01643,-0.594
27.55,0.2673,4.03,167.5,0.01013,-0.311
23.79,0.106,3.8,172.2,0.01661,-0.436
38.06,0.05,5.32,153.6,0.0159,-2.295
24.84,0.2284,3.51,152.7,0.01384,0.094
9.82,0.4438,2.38,208.1,0.03679,2.754
23.14,0.2648,3.02,173.2,0.02497,0.658
22.33,0.199,3.67,169.3,0.01147,-0.029
26.99,0.1919,4.01,160.4,0.00957,-0.492
24.59,0.2759,3.22,178.8,0.00659,0.115
23.51,0.1973,3.1,162.4,0.02311,0.363
29.16,0.1028,4.3,163.0,0.01068,-1.136
16.41,0.3564,3.71,190.2,0.02432,1.197
22.26,0.2993,2.95,191.2,0.0155,0.781
20.9,0.3442,3.82,165.8,0.02236,0.57
18.5,0.2609,3.96,199.7,0.01341,0.344
22.81,0.2146,3.56,169.9,0.00858,0.163
21.07,0.311,3.14,157.4,0.01676,0.85
22.42,0.2832,3.07,177.6,0.01514,0.631
24.59,0.169,3.77,159.3,0.01379,-0.303
21.33,0.1833,3.49,171.5,0.01185,0.09
24.49,0.2041,3.52,165.6,0.0147,0.031
13.04,0.3505,3.2,184.7,0.02352,1.583
26.78,0.075,4.1,151.3,0.01,-1.008
26.41,0.1274,4.33,179.9,0.01025,-0.768
24.72,0.1076,3.0,149.6,0.01945,-0.052
23.98,0.2409,3.68,149.0,0.01308,0.254
22.6,0.2387,3.58,172.6,0.00744,0.054
25.44,0.1772,3.48,192.0,0.01239,-0.079
26.5,0.2101,3.66,159.7,0.01229,-0.286
19.04,0.388,2.69,193.4,0.02946,1.724
30.02,0.0835,4.63,181.1,0.01509,-1.32
28.49,0.05,4.05,177.2,0.00923,-1.285
21.33,0.2643,3.75,160.3,0.01926,0.403
32.58,0.05,4.57,148.6,0.01191,-1.629
24.47,0.2299,4.03,131.9,0.01574,-0.186
16.12,0.4158,2.89,181.0,0.02183,1.928
23.98,0.187,3.65,182.9,0.00497,-0.374
23.98,0.2695,3.93,150.9,0.00962,0.179
32.34,0.0786,4.42,175.5,0.00225,-1.563
31.7,0.0755,4.33,150.7,0.01834,-1.341
25.43,0.2292,3.99,166.6,0.01264,-0.252
23.87,0.1572,3.22,175.6,0.00923,-0.166
17.44,0.314,3.29,170.5,0.02361,1.118
19.33,0.2596,3.33,174.2,0.01703,0.656
33.08,0.1197,4.2,158.8,0.01386,-1.141
22.08,0.2424,3.55,178.5,0.0176,0.481
20.13,0.2917,3.22,174.5,0.01512,0.782
16.79,0.2804,3.04,179.5,0.01848,0.997
16.74,0.3484,2.55,207.3,0.02713,1.66
29.27,0.1139,4.54,174.9,0.01441,-1.187
27.18,0.2148,4.01,154.6,0.0123,-0.489
34.25,0.0897,4.18,163.7,0.01853,-1.458
23.57,0.24,3.45,163.9,0.01069,0.327
21.51,0.2682,3.42,171.8,0.01303,0.481
19.87,0.2994,3.11,214.7,0.02115,0.888
21.16,0.2025,3.76,170.6,0.00998,0.071
26.72,0.1813,3.47,134.5,0.01349,-0.348
21.06,0.2593,3.04,158.7,0.01072,0.502
30.24,0.1915,4.25,136.0,0.0108,-0.893
10.58,0.4433,2.9,185.1,0.03439,2.58
34.23,0.1067,4.18,135.2,0.01078,-1.427
25.2,0.1999,3.98,154.1,0.01108,-0.54
14.59,0.4058,2.57,166.5,0.0317,2.238
24.47,0.1917,3.59,170.8,0.0089,-0.217
24.58,0.2136,3.59,165.0,0.00992,-0.236
24.81,0.1699,3.38,169.5,0.01373,-0.162
27.93,0.2312,4.0,163.4,0.01482,-0.299
15.05,0.32,2.61,160.6,0.02664,1.691
34.09,0.05,4.58,172.7,0.00976,-1.693
16.9,0.4008,3.05,212.2,0.02606,1.602
30.24,0.05,3.82,171.1,0.0106,-1.228
23.57,0.2782,3.29,158.6,0.01018,0.33
23.47,0.1657,3.83,143.6,0.01561,-0.368
19.8,0.1979,3.36,158.4,0.01506,0.398
32.62,0.0665,4.62,171.8,0.01283,-1.61
21.94,0.2676,3.26,186.6,0.01616,0.572
14.77,0.4192,3.25,193.2,0.02498,1.814
32.55,0.1233,4.28,177.0,0.0149,-1.271
22.57,0.2689,3.43,177.9,0.0152,0.342
27.24,0.1657,3.72,172.6,0.00604,-0.578
22.68,0.2806,3.4,160.2,0.01624,0.585
26.44,0.2177,3.77,167.8,0.00983,-0.148
27.78,0.2269,4.31,152.3,0.01529,-0.423
20.38,0.2096,2.88,171.1,0.01157,0.508
12.09,0.406,2.53,191.6,0.02537,2.246
22.16,0.2035,3.84,190.2,0.01309,-0.044
21.37,0.3245,3.38,154.0,0.01792,0.713
32.27,0.0569,4.31,172.2,0.01429,-1.499
30.42,0.0546,4.29,187.2,0.00744,-1.591
21.14,0.2735,3.1,182.1,0.02073,0.756
18.65,0.3797,3.25,195.3,0.02545,1.502
21.08,0.3151,3.7,178.1,0.01892,0.709
27.63,0.1379,3.37,184.5,0.01462,-0.505
23.93,0.2661,3.28,148.7,0.01197,0.338
29.66,0.1897,3.97,144.2,0.00815,-0.782
21.86,0.2653,3.47,172.2,0.01515,0.427
19.97,0.2566,2.73,143.2,0.02383,1.067
27.2,0.1585,3.75,183.5,0.01616,-0.415
26.75,0.1736,3.99,183.3,0.01014,-0.379
22.46,0.2691,3.43,161.7,0.00567,0.38
31.18,0.1527,3.92,159.4,0.01136,-0.877
26.73,0.2756,3.32,163.9,0.01114,0.23
13.9,0.3854,2.62,191.0,0.02805,2.006
25.58,0.1257,3.55,166.9,0.01359,-0.541
27.99,0.2284,3.7,173.4,0.01463,-0.12
28.6,0.0643,4.03,162.4,0.01497,-1.016
19.96,0.2863,3.22,188.1,0.01929,0.797
24.39,0.3266,3.71,171.7,0.0066,0.315
27.41,0.1546,3.73,155.9,0.01098,-0.468
10.39,0.3073,2.78,200.9,0.02948,1.934
16.61,0.3597,2.82,161.7,0.02448,1.481
26.33,0.1579,3.52,163.6,0.0131,-0.335
37.45,0.05,4.49,179.5,0.01308,-1.971
18.5,0.3472,3.16,166.2,0.02131,1.312
25.39,0.11,3.59,169.6,0.00485,-0.572
19.55,0.3666,3.51,182.6,0.01761,1.128
32.74,0.05,5.06,152.1,0.01189,-2.027
20.04,0.3383,2.74,174.6,0.02299,1.244
31.24,0.0738,4.67,162.7,0.01214,-1.472
21.9,0.3445,3.16,165.5,0.01291,0.825
22.34,0.2111,3.72,199.7,0.0134,-0.086
29.31,0.1357,3.98,153.6,0.00959,-0.857
23.51,0.142,4.1,180.1,0.00835,-0.623
21.63,0.2488,3.34,167.3,0.01499,0.576
24.46,0.2581,3.3,150.0,0.01447,0.329
21.78,0.2607,2.93,173.6,0.02045,0.757
13.13,0.3835,2.07,198.5,0.02926,2.301
33.43,0.05,4.52,178.8,0.0139,-1.575
18.31,0.4097,2.88,207.8,0.02636,1.729
22.86,0.2053,3.74,210.4,0.01314,-0.067
29.22,0.1254,4.06,168.8,0.01409,-0.97
29.14,0.0876,3.98,155.1,0.00474,-1.173
23.3,0.1244,3.5,171.8,0.01233,-0.385
19.13,0.2533,3.44,172.1,0.01624,0.669
26.91,0.2207,3.52,178.9,0.01549,-0.24
15.18,0.3416,2.81,163.7,0.02365,1.594
31.51,0.1172,4.08,200.5,0.01209,-1.076
23.25,0.2575,3.71,177.8,0.00748,0.116
29.82,0.1235,4.15,139.7,0.01505,-1.038
22.59,0.3292,3.71,158.7,0.01679,0.621
16.13,0.3054,3.34,187.9,0.02077,1.036
28.88,0.2039,3.68,182.6,0.00956,-0.454
36.99,0.05,4.99,145.9,0.00968,-2.157
24.35,0.338,3.33,178.1,0.01426,0.669
19.06,0.343,2.93,141.0,0.01341,1.101
23.11,0.2609,3.12,168.5,0.01654,0.61
18.55,0.359,2.98,196.5,0.0154,1.271
30.66,0.1673,4.29,156.7,0.01054,-0.92
18.27,0.2821,3.27,150.6,0.02283,1.06
17.94,0.313,2.85,181.5,0.02286,1.368
31.42,0.0771,4.86,155.9,0.0125,-1.547
21.74,0.2551,3.44,178.3,0.02051,0.506
28.83,0.1769,4.09,151.7,0.00499,-0.752
26.04,0.1785,3.11,153.4,0.00955,-0.102
22.12,0.1861,2.23,138.9,0.01358,0.526
24.73,0.1807,3.95,167.5,0.01458,-0.309
29.01,0.1886,3.54,162.6,0.01463,-0.365
23.85,0.2144,3.52,147.6,0.00968,0.035
25.34,0.1687,4.11,167.9,0.01499,-0.496
31.54,0.0833,4.67,180.4,0.01079,-1.621
20.21,0.2457,3.35,169.9,0.02107,0.653
32.72,0.1024,4.28,169.0,0.0089,-1.51
18.14,0.2833,3.48,177.1,0.01696,0.882
15.1,0.2971,3.46,152.5,0.01423,0.97
34.05,0.05,4.41,195.8,0.01517,-1.655
28.31,0.207,4.29,157.9,0.01043,-0.623
14.05,0.4181,2.61,189.2,0.02143,2.104
27.44,0.1203,4.24,176.5,0.01352,-1.017
32.06,0.2235,3.39,162.9,0.01364,-0.313
20.85,0.2239,3.41,179.6,0.01836,0.425
21.15,0.3413,3.23,178.1,0.0189,0.913
24.08,0.2367,4.24,143.7,0.01075,-0.305
23.11,0.1948,3.46,160.0,0.01095,-0.027
15.84,0.3616,2.64,172.9,0.02346,1.62
13.9,0.2757,2.89,178.9,0.02666,1.557
17.82,0.2922,3.16,157.2,0.01939,1.126
23.3,0.2035,3.61,182.9,0.01274,0.019
28.97,0.1,3.76,189.0,0.00745,-0.978
28.27,0.1418,3.88,179.7,0.014,-0.713
18.6,0.2555,3.69,190.3,0.01672,0.585
22.67,0.2289,3.35,164.9,0.01835,0.469
12.39,0.3178,2.94,172.3,0.02321,1.571
16.32,0.2564,3.21,161.1,0.01199,0.73
33.75,0.1146,4.07,174.7,0.01092,-1.17
19.23,0.2988,3.3,181.0,0.01982,0.744
29.37,0.0996,4.3,163.8,0.01423,-1.213
23.32,0.1633,4.5,184.4,0.00579,-0.718
21.21,0.2586,3.16,174.1,0.01413,0.448
12.5,0.4378,2.75,176.4,0.02951,2.385
5.0,0.4092,1.5,192.1,0.03489,3.372
19.18,0.3215,3.31,182.5,0.01708,0.893
26.31,0.2591,3.99,180.6,0.01012,-0.088
23.91,0.2314,2.68,179.7,0.01409,0.617
18.28,0.2699,3.05,204.1,0.01788,0.902
27.28,0.1699,3.61,189.5,0.00987,-0.49
10.3,0.3693,2.4,193.2,0.02841,2.47
24.05,0.252,3.59,155.2,0.01164,0.188
19.65,0.1919,3.66,151.3,0.01327,0.17
20.95,0.2419,3.19,167.2,0.02263,0.739
21.19,0.3237,3.43,181.4,0.01825,0.81
22.03,0.2668,3.17,202.5,0.01313,0.493
25.65,0.208,3.94,171.3,0.00971,-0.338
28.33,0.1784,3.58,182.5,0.01273,-0.347
29.49,0.05,4.54,161.3,0.01297,-1.634
21.27,0.2894,3.45,179.6,0.01104,0.498
19.35,0.2932,3.29,186.7,0.02171,1.001
19.79,0.2476,3.11,140.8,0.01814,0.659
14.76,0.3972,2.54,178.9,0.02684,2.16
23.91,0.2384,3.55,179.2,0.01607,0.28
20.8,0.3152,2.77,177.1,0.01871,1.075
30.17,0.158,3.69,147.1,0.01335,-0.721
27.73,0.1976,3.63,128.5,0.01667,-0.299
22.02,0.2345,3.37,167.9,0.02087,0.636
17.23,0.286,2.94,174.1,0.01627,1.223
27.35,0.3083,3.46,151.7,0.0139,0.261
22.02,0.2418,3.39,167.1,0.01001,0.232
33.52,0.163,4.3,172.6,0.01351,-1.131
27.2,0.2401,3.69,175.1,0.01343,-0.119
15.28,0.3187,3.76,140.3,0.01497,0.842
21.02,0.2896,3.6,152.2,0.01624,0.552
20.31,0.2686,3.63,166.4,0.0168,0.602
22.21,0.1555,3.92,174.2,0.01109,-0.462
26.66,0.2214,3.3,172.4,0.013,0.056
26.32,0.2024,3.6,172.1,0.01442,-0.074
18.54,0.2659,2.88,167.6,0.0175,0.903
21.84,0.2786,3.77,165.1,0.01604,0.503
22.67,0.3033,3.17,160.0,0.02009,0.698
26.61,0.131,3.51,176.5,0.01342,-0.444
38.18,0.05,4.66,151.2,0.0126,-2.111
19.03,0.289,2.92,190.9,0.0179,0.977
22.28,0.1392,3.94,168.1,0.01401,-0.405
27.69,0.0822,4.15,164.3,0.01299,-0.992
19.06,0.2533,2.97,163.5,0.0214,0.949
27.11,0.2376,4.02,144.7,0.01214,-0.319
12.92,0.2894,2.83,168.0,0.01503,1.285
25.7,0.2868,3.21,167.5,0.01184,0.377
21.3,0.2682,3.43,137.7,0.01968,0.6
31.81,0.1306,4.16,162.0,0.01029,-1.17
19.7,0.3936,2.76,193.4,0.02301,1.698
27.25,0.2807,3.63,176.6,0.01443,-0.056
27.77,0.1953,3.55,157.6,0.0115,-0.504
25.11,0.2251,3.41,167.4,0.01286,-0.006
34.03,0.05,4.74,156.7,0.0094,-1.854
21.47,0.3386,3.99,172.1,0.01522,0.445
28.71,0.0867,4.35,188.1,0.01025,-1.304
29.79,0.1113,4.49,179.5,0.01088,-1.168
31.0,0.1101,4.6,172.8,0.01103,-1.337
15.18,0.3091,2.67,171.0,0.02022,1.513
27.31,0.1986,3.98,176.2,0.01477,-0.37
12.2,0.4039,2.75,158.1,0.02388,2.055
27.33,0.2355,3.99,161.2,0.01507,-0.309
33.32,0.05,4.57,173.8,0.01661,-1.616
30.43,0.0569,4.33,176.1,0.01456,-1.494
16.16,0.3234,2.83,189.9,0.02349,1.285
31.01,0.2128,3.7,169.4,0.01298,-0.543
29.74,0.1675,3.53,162.1,0.0146,-0.442
20.63,0.2203,3.42,175.0,0.01355,0.343
21.71,0.1938,3.74,156.7,0.01897,0.145
16.64,0.3506,3.08,165.7,0.02278,1.253
14.0,0.4437,2.8,183.3,0.02251,2.124
23.3,0.2026,4.37,167.6,0.01469,-0.284
32.16,0.1118,3.92,137.6,0.01227,-1.224
24.91,0.2016,3.49,171.8,0.01168,-0.023
24.5,0.2619,3.97,179.7,0.01265,-0.024
31.29,0.1609,4.14,163.8,0.0125,-0.706
32.01,0.1401,4.05,200.6,0.01499,-1.181
20.4,0.2419,3.05,158.9,0.01742,0.761
25.22,0.1833,3.76,159.6,0.01306,-0.321
25.08,0.2133,3.75,159.5,0.01406,-0.262
27.22,0.1567,3.69,163.9,0.01582,-0.496
23.72,0.1843,3.68,160.1,0.01155,-0.155
32.3,0.1402,4.01,143.9,0.00865,-1.016
19.56,0.3266,3.19,167.5,0.02302,1.221
19.58,0.3569,2.69,176.0,0.01869,1.482
32.51,0.0867,4.99,183.4,0.00993,-1.842
26.67,0.1302,4.39,198.0,0.00661,-0.895
31.09,0.05,4.31,185.0,0.01371,-1.433
27.33,0.1412,3.89,153.4,0.00714,-0.801
22.33,0.2134,3.6,154.6,0.00975,0.026
31.95,0.05,4.16,162.6,0.01376,-1.507
25.69,0.1834,3.97,191.8,0.01417,-0.396
27.28,0.1253,4.07,162.5,0.01004,-0.908
24.2,0.256,3.97,147.6,0.01326,-0.093
24.83,0.2816,3.85,158.3,0.00994,0.102
27.19,0.1226,4.28,176.4,0.01035,-0.894
20.99,0.2606,3.61,177.5,0.01421,0.374
24.95,0.1609,3.57,162.0,0.0105,-0.206
24.75,0.1855,3.74,175.3,0.01127,-0.287
16.09,0.3565,2.97,151.0,0.02099,1.474
18.48,0.4207,2.49,182.6,0.02612,1.965
30.15,0.075,4.51,177.9,0.01353,-1.4
17.13,0.331,3.84,162.5,0.02102,0.936
20.07,0.2261,3.47,162.2,0.02236,0.288
28.67,0.1524,4.66,137.0,0.00952,-1.097
18.46,0.344,3.22,198.7,0.01748,0.984
18.19,0.3777,3.04,172.7,0.01862,1.286
31.83,0.0987,4.0,168.6,0.02142,-1.156
29.36,0.1442,4.34,174.1,0.01155,-1.087
15.86,0.4133,3.24,199.9,0.02326,1.62
22.93,0.1766,3.54,165.9,0.01046,-0.148
23.09,0.3064,3.69,163.5,0.0194,0.543
21.38,0.2176,3.25,171.7,0.0203,0.458
24.55,0.2583,3.33,188.9,0.01494,0.141
33.88,0.0774,4.36,162.4,0.00897,-1.611
21.57,0.3076,2.72,163.2,0.01996,1.07
18.18,0.3365,3.02,155.9,0.01468,1.135
26.44,0.1517,3.21,146.7,0.01189,-0.271
27.07,0.2568,3.94,178.0,0.01446,-0.142
33.32,0.05,4.46,160.2,0.01189,-1.636
20.17,0.293,3.16,162.1,0.01526,0.673
19.96,0.2641,3.04,161.1,0.01816,0.772
24.82,0.1669,3.56,166.3,0.01381,-0.111
15.23,0.3405,3.19,174.9,0.01602,1.425
25.55,0.1243,3.95,160.9,0.01227,-0.587
23.09,0.278,3.08,192.0,0.02382,0.76
25.23,0.0611,3.91,188.1,0.00799,-0.813
27.2,0.2361,3.81,140.8,0.01174,-0.082
27.2,0.1656,3.48,169.9,0.01783,-0.3
21.84,0.2245,3.49,156.1,0.01711,0.204
27.12,0.1948,3.84,161.3,0.01046,-0.458
24.73,0.176,3.77,169.6,0.01262,-0.05
21.92,0.3003,3.4,171.7,0.0186,0.533
28.37,0.1158,3.46,168.5,0.00976,-0.724
30.04,0.0846,3.91,175.1,0.01178,-1.21
15.55,0.4656,2.47,190.4,0.02516,2.291
15.99,0.4698,3.38,171.9,0.02339,1.733
31.27,0.0944,4.92,155.6,0.00975,-1.631
18.75,0.3205,3.77,151.7,0.01369,0.548
30.26,0.0985,3.82,152.2,0.01188,-0.961
24.63,0.3065,2.92,197.6,0.01925,0.838
20.9,0.2805,2.74,156.7,0.0146,0.852
22.62,0.1772,3.54,147.1,0.01101,-0.093
27.54,0.1911,3.97,169.8,0.01426,-0.495
28.67,0.1408,4.37,163.3,0.01153,-0.972
29.52,0.1101,4.36,162.1,0.0176,-1.079
31.08,0.1558,4.13,186.1,0.01199,-0.898
25.95,0.1707,3.37,173.2,0.0141,-0.096
29.88,0.1893,3.71,157.1,0.00974,-0.65
20.9,0.246,3.3,166.8,0.01897,0.522
13.04,0.3267,2.99,175.3,0.02472,1.685
26.8,0.1256,4.04,178.1,0.01183,-0.889
24.8,0.2743,3.16,163.3,0.01241,0.226
21.15,0.2453,3.52,144.1,0.01408,0.373
22.41,0.2133,3.47,169.9,0.01662,0.242
22.94,0.2034,3.24,142.9,0.01449,0.142
17.86,0.293,2.96,206.7,0.01756,1.027
21.1,0.221,3.54,156.3,0.01672,0.225
31.43,0.0502,4.21,162.6,0.01189,-1.534
17.91,0.3914,3.6,179.3,0.01925,1.272
18.65,0.2743,3.26,171.3,0.0185,0.725
26.32,0.1307,3.87,160.6,0.01205,-0.667
26.03,0.2091,3.58,171.8,0.0204,-0.111
19.65,0.2715,3.24,196.1,0.0184,0.635
28.06,0.2239,3.5,176.5,0.01394,-0.096
21.16,0.3652,2.74,200.1,0.0219,1.29
10.84,0.4441,2.51,177.7,0.03012,2.561
26.31,0.0919,4.29,169.8,0.01588,-1.059
27.42,0.1329,4.54,167.3,0.01113,-1.084
19.38,0.2466,3.89,173.9,0.0176,0.419
17.28,0.3614,3.04,194.3,0.01677,1.554
28.03,0.1071,4.23,161.7,0.00912,-1.218
16.24,0.3731,2.53,176.4,0.02472,1.798
32.14,0.1629,4.03,173.0,0.00869,-0.971
15.75,0.2752,2.69,146.6,0.01915,1.228
24.94,0.1504,3.8,161.4,0.00842,-0.428
16.32,0.4038,2.5,183.6,0.0248,1.882
13.61,0.3969,2.66,175.1,0.02364,2.017
27.92,0.1309,4.09,180.9,0.02047,-0.764
28.15,0.1515,3.54,149.1,0.00704,-0.503
22.54,0.2809,3.01,173.3,0.01891,0.666
25.69,0.2304,3.7,169.4,0.01543,-0.086
24.39,0.2339,3.09,185.3,0.01511,0.387
24.25,0.2326,3.29,165.1,0.01476,0.136
39.34,0.0604,4.42,179.0,0.01105,-2.03
19.88,0.208,4.04,175.5,0.01605,-0.072
29.16,0.1201,4.04,166.9,0.01474,-0.993
26.48,0.1466,4.07,148.7,0.01264,-0.64
17.19,0.3644,2.36,160.8,0.02427,1.71
29.6,0.052,4.65,166.6,0.01109,-1.596
19.43,0.2813,3.54,166.6,0.01578,0.67
26.96,0.1715,3.15,178.8,0.01571,-0.18
31.76,0.277,3.54,176.2,0.01594,-0.104
21.27,0.1881,3.31,171.7,0.01567,0.242
20.43,0.2468,3.61,151.7,0.01426,0.405
